# WaveFront *.obj file (generated by Autodesk ATF)

mtllib body1_visual.mtl

g Body1

v -0,000000 4,000000 0,000000
v 0,411284 3,978800 0,000000
v 0,818208 3,915423 0,000000
v 1,216459 3,810542 0,000000
v 1,601816 3,665268 0,000000
v 1,970192 3,481141 0,000000
v 2,317684 3,260113 0,000000
v 2,640608 3,004528 0,000000
v 2,935541 2,717093 0,000000
v 3,199357 2,400857 0,000000
v 3,429259 2,059171 0,000000
v 3,622809 1,695658 0,000000
v 3,777957 1,314170 0,000000
v 3,893057 0,918751 0,000000
v 3,966891 0,513593 0,000000
v 3,998674 0,102992 0,000000
v 3,988070 -0,308702 0,000000
v 3,935192 -0,717123 0,000000
v 3,840599 -1,117943 0,000000
v 3,705296 -1,506912 0,000000
v 3,530715 -1,879907 0,000000
v 3,318708 -2,232975 0,000000
v 3,071522 -2,562373 0,000000
v 2,791777 -2,864609 0,000000
v 2,482438 -3,136479 0,000000
v 2,146785 -3,375102 0,000000
v 1,788375 -3,577948 0,000000
v 1,411008 -3,742867 0,000000
v 1,018684 -3,868111 0,000000
v 0,615562 -3,952352 0,000000
v 0,205915 -3,994696 0,000000
v -0,205915 -3,994696 0,000000
v -0,615562 -3,952352 0,000000
v -1,018684 -3,868111 0,000000
v -1,411008 -3,742867 0,000000
v -1,788375 -3,577948 0,000000
v -2,146785 -3,375102 0,000000
v -2,482438 -3,136479 0,000000
v -2,791777 -2,864609 0,000000
v -3,071522 -2,562373 0,000000
v -3,318708 -2,232975 0,000000
v -3,530715 -1,879907 0,000000
v -3,705296 -1,506912 0,000000
v -3,840599 -1,117943 0,000000
v -3,935192 -0,717123 0,000000
v -3,988070 -0,308702 0,000000
v -3,998674 0,102992 0,000000
v -3,966891 0,513593 0,000000
v -3,893057 0,918751 0,000000
v -3,777957 1,314170 0,000000
v -3,622809 1,695658 0,000000
v -3,429259 2,059171 0,000000
v -3,199357 2,400857 0,000000
v -2,935541 2,717093 0,000000
v -2,640608 3,004528 0,000000
v -2,317684 3,260113 0,000000
v -1,970192 3,481141 0,000000
v -1,601816 3,665268 0,000000
v -1,216459 3,810542 0,000000
v -0,818208 3,915423 0,000000
v -0,411284 3,978800 0,000000
v 3,674372 0,139782 4,299428
v 3,636532 0,139782 4,224898
v 3,639397 0,134539 4,223443
v 3,639827 0,128410 4,223225
v 3,637729 0,122730 4,224290
v 3,633560 0,118737 4,226406
v 3,628230 0,117302 4,229113
v 3,666399 0,117302 4,304292
v 3,669702 0,117859 4,302448
v 3,672795 0,119534 4,300700
v 3,675244 0,122082 4,299294
v 3,676974 0,125406 4,298271
v 3,677775 0,129199 4,297753
v 3,677587 0,132983 4,297783
v 3,676412 0,136676 4,298360
v -0,000000 4,000000 4,120000
v -0,411284 3,978800 4,120000
v -0,818208 3,915423 4,120000
v -1,216459 3,810542 4,120000
v -1,601816 3,665268 4,120000
v -1,970192 3,481141 4,120000
v -2,317684 3,260113 4,120000
v -2,640608 3,004528 4,120000
v -2,935541 2,717093 4,120000
v -3,199357 2,400857 4,120000
v -3,429259 2,059171 4,120000
v -3,622809 1,695658 4,120000
v -3,777957 1,314170 4,120000
v -3,893057 0,918751 4,120000
v -3,966891 0,513593 4,120000
v -3,998674 0,102992 4,120000
v -3,988070 -0,308702 4,120000
v -3,935192 -0,717123 4,120000
v -3,840599 -1,117943 4,120000
v -3,705296 -1,506912 4,120000
v -3,530715 -1,879907 4,120000
v -3,318708 -2,232975 4,120000
v -3,071522 -2,562373 4,120000
v -2,791777 -2,864609 4,120000
v -2,482438 -3,136479 4,120000
v -2,146785 -3,375102 4,120000
v -1,788375 -3,577948 4,120000
v -1,411008 -3,742867 4,120000
v -1,018684 -3,868111 4,120000
v -0,615562 -3,952352 4,120000
v -0,205915 -3,994696 4,120000
v 0,205915 -3,994696 4,120000
v 0,615562 -3,952352 4,120000
v 1,018684 -3,868111 4,120000
v 1,411008 -3,742867 4,120000
v 1,788375 -3,577948 4,120000
v 2,146785 -3,375102 4,120000
v 2,482438 -3,136479 4,120000
v 2,791777 -2,864609 4,120000
v 3,071522 -2,562373 4,120000
v 3,318708 -2,232975 4,120000
v 3,530715 -1,879907 4,120000
v 3,705296 -1,506912 4,120000
v 3,840599 -1,117943 4,120000
v 3,935192 -0,717123 4,120000
v 3,988070 -0,308702 4,120000
v 3,998674 0,102992 4,120000
v 3,966891 0,513593 4,120000
v 3,893057 0,918751 4,120000
v 3,777957 1,314170 4,120000
v 3,622809 1,695658 4,120000
v 3,429259 2,059171 4,120000
v 3,199357 2,400857 4,120000
v 2,935541 2,717093 4,120000
v 2,640608 3,004528 4,120000
v 2,317684 3,260113 4,120000
v 1,970192 3,481141 4,120000
v 1,601816 3,665268 4,120000
v 1,216459 3,810542 4,120000
v 0,818208 3,915423 4,120000
v 0,411284 3,978800 4,120000
v -0,000000 -2,560000 4,920000
v -0,327366 -2,538982 4,920000
v -0,649356 -2,476275 4,920000
v -0,960684 -2,372907 4,920000
v -1,256237 -2,230576 4,920000
v -1,531163 -2,051619 4,920000
v -1,780947 -1,838974 4,920000
v -2,001489 -1,596134 4,920000
v -2,189165 -1,327085 4,920000
v -2,340896 -1,036245 4,920000
v -2,454190 -0,728391 4,920000
v -2,527185 -0,408576 4,920000
v -2,558685 -0,082052 4,920000
v -2,548171 0,245819 4,920000
v -2,495815 0,569654 4,920000
v -2,402479 0,884135 4,920000
v -2,269694 1,184098 4,920000
v -2,099641 1,464619 4,920000
v -1,895112 1,721090 4,920000
v -1,659465 1,949302 4,920000
v -1,396569 2,145506 4,920000
v -1,110742 2,306480 4,920000
v -0,806677 2,429583 4,920000
v -0,489366 2,512791 4,920000
v -0,164020 2,554740 4,920000
v 0,164020 2,554740 4,920000
v 0,489366 2,512791 4,920000
v 0,806677 2,429583 4,920000
v 1,110742 2,306480 4,920000
v 1,396569 2,145506 4,920000
v 1,659465 1,949302 4,920000
v 1,895112 1,721090 4,920000
v 2,099641 1,464619 4,920000
v 2,269694 1,184098 4,920000
v 2,402479 0,884135 4,920000
v 2,495815 0,569654 4,920000
v 2,548171 0,245819 4,920000
v 2,558685 -0,082052 4,920000
v 2,527185 -0,408576 4,920000
v 2,454190 -0,728391 4,920000
v 2,340896 -1,036245 4,920000
v 2,189165 -1,327085 4,920000
v 2,001489 -1,596134 4,920000
v 1,780947 -1,838974 4,920000
v 1,531163 -2,051619 4,920000
v 1,256237 -2,230576 4,920000
v 0,960684 -2,372907 4,920000
v 0,649356 -2,476275 4,920000
v 0,327366 -2,538982 4,920000
v 3,586634 -0,159233 4,347685
v 3,586958 -0,121549 4,348324
v 3,587195 -0,083862 4,348791
v 3,587345 -0,046173 4,349087
v 3,587917 -0,042114 4,348797
v 3,589290 -0,038884 4,348055
v 3,592716 -0,035058 4,346174
v 3,595290 -0,033666 4,344751
v 3,600527 -0,033137 4,341845
v 3,603940 -0,034335 4,339942
v 3,607034 -0,036861 4,338210
v 3,675789 -0,115871 4,299103
v 3,677600 -0,118598 4,298049
v 3,678728 -0,121774 4,297365
v 3,679096 -0,125183 4,297097
v 3,678684 -0,171655 4,296285
v 3,678143 -0,218122 4,295220
v 3,677473 -0,264580 4,293901
v 3,676530 -0,269579 4,294222
v 3,673947 -0,273890 4,295477
v 3,670195 -0,276729 4,297437
v 3,665734 -0,277748 4,299866
v 3,582247 -0,277748 4,346112
v 3,499500 -0,277748 4,391942
v 3,417491 -0,277748 4,437356
v 3,336221 -0,277748 4,482354
v 3,333244 -0,277299 4,484023
v 3,330488 -0,275984 4,485609
v 3,328139 -0,273891 4,487005
v 3,244156 -0,176258 4,537255
v 3,242357 -0,173532 4,538335
v 3,241243 -0,170356 4,539046
v 3,240889 -0,166947 4,539341
v 3,241290 -0,126693 4,540130
v 3,241581 -0,086434 4,540704
v 3,241762 -0,046173 4,541060
v 3,242335 -0,042114 4,540773
v 3,243769 -0,038782 4,540000
v 3,247308 -0,034935 4,538058
v 3,249694 -0,033672 4,536740
v 3,252199 -0,033067 4,535352
v 3,256921 -0,033666 4,532725
v 3,261453 -0,036861 4,530188
v 3,330171 -0,115871 4,491008
v 3,331981 -0,118598 4,489950
v 3,333106 -0,121774 4,489261
v 3,333471 -0,125183 4,488988
v 3,333152 -0,159233 4,488359
v 3,333918 -0,164105 4,487803
v 3,336259 -0,168347 4,486387
v 3,339972 -0,171321 4,484243
v 3,344531 -0,172402 4,481683
v 3,413666 -0,172402 4,443324
v 3,417599 -0,171614 4,441164
v 3,421685 -0,168733 4,438976
v 3,424331 -0,164450 4,437623
v 3,425328 -0,159233 4,437207
v 3,425521 -0,139105 4,437587
v 3,425688 -0,118976 4,437915
v 3,425828 -0,098846 4,438192
v 3,426406 -0,094815 4,437934
v 3,427561 -0,091978 4,437336
v 3,429916 -0,088843 4,436074
v 3,432930 -0,086719 4,434430
v 3,436260 -0,085745 4,432595
v 3,440035 -0,086020 4,430494
v 3,443176 -0,087442 4,428730
v 3,445551 -0,089535 4,427381
v 3,514033 -0,168545 4,387737
v 3,516397 -0,170637 4,386370
v 3,519162 -0,171953 4,384800
v 3,522139 -0,172402 4,383135
v 3,574978 -0,172402 4,353815
v 3,579420 -0,171388 4,351377
v 3,583164 -0,168545 4,349374
v 3,585716 -0,164246 4,348069
v 3,345055 0,117302 4,482716
v 3,340801 0,116368 4,485096
v 3,337114 0,113643 4,487195
v 3,334541 0,109362 4,488703
v 3,333631 0,104133 4,489302
v 3,333843 0,066448 4,489720
v 3,333961 0,028761 4,489953
v 3,333986 -0,008927 4,490001
v 3,333422 -0,012986 4,490307
v 3,332054 -0,016217 4,491059
v 3,328629 -0,020045 4,492951
v 3,326053 -0,021436 4,494377
v 3,320818 -0,021962 4,497283
v 3,317407 -0,020763 4,499182
v 3,314313 -0,018238 4,500909
v 3,245083 0,060772 4,539082
v 3,243241 0,063499 4,540076
v 3,242076 0,066675 4,540688
v 3,241668 0,070083 4,540875
v 3,236375 0,401551 4,530449
v 3,236828 0,405618 4,529920
v 3,238112 0,408853 4,528988
v 3,241440 0,412679 4,526887
v 3,243982 0,414066 4,525388
v 3,249210 0,414583 4,522471
v 3,252656 0,413381 4,520656
v 3,255818 0,410862 4,519089
v 3,326982 0,331852 4,484727
v 3,328875 0,329124 4,483830
v 3,330095 0,325947 4,483328
v 3,330560 0,322541 4,483255
v 3,331147 0,293638 4,484409
v 3,331678 0,264730 4,485456
v 3,332155 0,235817 4,486395
v 3,333025 0,231008 4,486100
v 3,335981 0,226171 4,484645
v 3,338528 0,224140 4,483309
v 3,343879 0,222648 4,480398
v 3,596181 0,222648 4,340518
v 3,599169 0,222200 4,338877
v 3,601967 0,220884 4,337371
v 3,604382 0,218792 4,336102
v 3,589693 0,512352 4,327738
v 3,592694 0,511903 4,326122
v 3,595520 0,510588 4,324671
v 3,597975 0,508495 4,323483
v 3,669446 0,429485 4,289725
v 3,671559 0,426346 4,288761
v 3,672787 0,422671 4,288318
v 3,673034 0,418881 4,288421
v 3,672287 0,415078 4,289072
v 3,670631 0,411794 4,290190
v 3,668196 0,409220 4,291693
v 3,665126 0,407555 4,293491
v 3,661851 0,407005 4,295333
v 3,333313 0,407005 4,476628
v 3,330316 0,407453 4,478251
v 3,327497 0,408769 4,479716
v 3,325051 0,410862 4,480923
v 3,253431 0,489872 4,514386
v 3,251287 0,493022 4,515303
v 3,250034 0,496683 4,515685
v 3,249755 0,500483 4,515518
v 3,250473 0,504286 4,514801
v 3,252089 0,507551 4,513635
v 3,254516 0,510142 4,512080
v 3,257571 0,511803 4,510260
v 3,260843 0,512352 4,508417
v -0,000000 -2,560000 6,520000
v -0,327366 -2,538982 6,520000
v -0,649356 -2,476275 6,520000
v -0,960684 -2,372907 6,520000
v -1,256237 -2,230576 6,520000
v -1,531163 -2,051619 6,520000
v -1,780947 -1,838974 6,520000
v -2,001489 -1,596134 6,520000
v -2,189165 -1,327085 6,520000
v -2,340896 -1,036245 6,520000
v -2,454190 -0,728391 6,520000
v -2,527185 -0,408576 6,520000
v -2,558685 -0,082052 6,520000
v -2,548171 0,245819 6,520000
v -2,495815 0,569654 6,520000
v -2,402479 0,884135 6,520000
v -2,269694 1,184098 6,520000
v -2,099641 1,464619 6,520000
v -1,895112 1,721090 6,520000
v -1,659465 1,949302 6,520000
v -1,396569 2,145506 6,520000
v -1,110742 2,306480 6,520000
v -0,806677 2,429583 6,520000
v -0,489366 2,512791 6,520000
v -0,164020 2,554740 6,520000
v 0,164020 2,554740 6,520000
v 0,489366 2,512791 6,520000
v 0,806677 2,429583 6,520000
v 1,110742 2,306480 6,520000
v 1,396569 2,145506 6,520000
v 1,659465 1,949302 6,520000
v 1,895112 1,721090 6,520000
v 2,099641 1,464619 6,520000
v 2,269694 1,184098 6,520000
v 2,402479 0,884135 6,520000
v 2,495815 0,569654 6,520000
v 2,548171 0,245819 6,520000
v 2,558685 -0,082052 6,520000
v 2,527185 -0,408576 6,520000
v 2,454190 -0,728391 6,520000
v 2,340896 -1,036245 6,520000
v 2,189165 -1,327085 6,520000
v 2,001489 -1,596134 6,520000
v 1,780947 -1,838974 6,520000
v 1,531163 -2,051619 6,520000
v 1,256237 -2,230576 6,520000
v 0,960684 -2,372907 6,520000
v 0,649356 -2,476275 6,520000
v 0,327366 -2,538982 6,520000
v 2,592000 0,000000 6,520000
v 2,570720 -0,331458 6,520000
v 2,507228 -0,657473 6,520000
v 2,402568 -0,972692 6,520000
v 2,258458 -1,271940 6,520000
v 2,077264 -1,550302 6,520000
v 1,861962 -1,803209 6,520000
v 1,616086 -2,026507 6,520000
v 1,343674 -2,216530 6,520000
v 1,049198 -2,370158 6,520000
v 0,737496 -2,484867 6,520000
v 0,413683 -2,558775 6,520000
v 0,083078 -2,590668 6,520000
v -0,248892 -2,580023 6,520000
v -0,576774 -2,527013 6,520000
v -0,895186 -2,432510 6,520000
v -1,198899 -2,298065 6,520000
v -1,482926 -2,125886 6,520000
v -1,742604 -1,918801 6,520000
v -1,973668 -1,680208 6,520000
v -2,172324 -1,414026 6,520000
v -2,335311 -1,124627 6,520000
v -2,459952 -0,816761 6,520000
v -2,544201 -0,495483 6,520000
v -2,586674 -0,166070 6,520000
v -2,586674 0,166070 6,520000
v -2,544201 0,495483 6,520000
v -2,459952 0,816761 6,520000
v -2,335311 1,124627 6,520000
v -2,172324 1,414026 6,520000
v -1,973668 1,680208 6,520000
v -1,742604 1,918801 6,520000
v -1,482926 2,125886 6,520000
v -1,198899 2,298065 6,520000
v -0,895186 2,432510 6,520000
v -0,576774 2,527013 6,520000
v -0,248892 2,580023 6,520000
v 0,083078 2,590668 6,520000
v 0,413683 2,558775 6,520000
v 0,737496 2,484867 6,520000
v 1,049198 2,370158 6,520000
v 1,343674 2,216530 6,520000
v 1,616086 2,026507 6,520000
v 1,861962 1,803209 6,520000
v 2,077264 1,550302 6,520000
v 2,258458 1,271940 6,520000
v 2,402568 0,972692 6,520000
v 2,507228 0,657473 6,520000
v 2,570720 0,331458 6,520000
v 2,373708 -0,000000 7,504652
v 2,373683 -0,000051 7,504713
v 2,360944 -0,256511 7,499522
v 2,322814 -0,510732 7,483936
v 2,260002 -0,758944 7,458106
v 2,173946 -0,997813 7,422139
v 2,065871 -1,225922 7,375989
v 1,937178 -1,441606 7,319664
v 1,794041 -1,637573 7,255262
v 1,641276 -1,811415 7,186022
v 1,481892 -1,963726 7,114866
v 1,318901 -2,095102 7,044713
v 1,152280 -2,208032 6,977292
v 0,972482 -2,308751 6,911466
v 0,778917 -2,395228 6,850688
v 0,572033 -2,464670 6,798864
v 0,353334 -2,514074 6,760044
v 0,128555 -2,540332 6,738416
v -0,096980 -2,542063 6,736957
v -0,322416 -2,519154 6,755922
v -0,541689 -2,472973 6,792447
v -0,753091 -2,405153 6,843423
v -0,955142 -2,317404 6,905549
v -1,146732 -2,211479 6,975034
v -1,327087 -2,089031 7,048103
v -1,496201 -1,951030 7,121332
v -1,662819 -1,788650 7,195818
v -1,825353 -1,597875 7,269253
v -1,978326 -1,377617 7,337734
v -2,115046 -1,129082 7,397096
v -2,225084 -0,864806 7,443610
v -2,305851 -0,588775 7,477018
v -2,355863 -0,303351 7,497413
v -2,373675 -0,013131 7,504638
v -2,358869 0,276570 7,498683
v -2,312114 0,561211 7,479617
v -2,234347 0,838199 7,447414
v -2,127112 1,103852 7,402072
v -1,993536 1,353109 7,344015
v -1,835633 1,584444 7,273968
v -1,655408 1,796442 7,192721
v -1,457998 1,984451 7,104348
v -1,247453 2,146062 7,015029
v -1,026333 2,280747 6,930356
v -0,797927 2,387705 6,856174
v -0,573372 2,464436 6,799316
v -0,356982 2,513529 6,760640
v -0,150194 2,538866 6,739649
v 0,054419 2,543616 6,735621
v 0,257960 2,528212 6,748503
v 0,457123 2,493607 6,776334
v 0,650481 2,441011 6,816814
v 0,836743 2,371653 6,867634
v 1,014834 2,286881 6,926187
v 1,184151 2,187975 6,989687
v 1,344127 2,076200 7,055346
v 1,496403 1,950855 7,121397
v 1,647753 1,804581 7,189032
v 1,795420 1,635861 7,255814
v 1,935681 1,443921 7,318895
v 2,064316 1,228838 7,375303
v 2,173197 0,999598 7,421821
v 2,259664 0,760016 7,457985
v 2,322630 0,511643 7,483869
v 2,360923 0,256802 7,499492
v 2,373683 0,000051 7,504713
v 2,373683 0,000025 7,504713
v -1,611354 -0,010969 7,172838
v -1,391840 -0,010344 7,075751
v -1,133406 -0,009618 6,970055
v -0,869875 -0,008892 6,877859
v -0,600360 -0,008166 6,805104
v -0,325508 -0,007440 6,756334
v -0,047175 -0,006713 6,735457
v 0,231754 -0,005987 6,745951
v 0,508075 -0,005261 6,785769
v 0,779553 -0,004535 6,850844
v 1,063655 -0,003757 6,943887
v 1,341510 -0,002980 7,054257
v 1,928166 -0,001309 7,315688
v 3,223392 0,512352 4,434653
v 3,557780 0,512352 4,264881
v 3,560819 0,511903 4,263338
v 3,563650 0,510587 4,261900
v 3,566082 0,508495 4,260666
v 3,636532 0,429485 4,224898
v 3,639397 0,424243 4,223443
v 3,639827 0,418113 4,223225
v 3,637729 0,412433 4,224290
v 3,633560 0,408440 4,226406
v 3,628230 0,407005 4,229113
v 3,293842 0,407005 4,398885
v 3,290803 0,407454 4,400428
v 3,287971 0,408769 4,401866
v 3,285540 0,410862 4,403100
v 3,215090 0,489872 4,438869
v 3,212225 0,495114 4,440323
v 3,211795 0,501243 4,440541
v 3,213893 0,506924 4,439476
v 3,218062 0,510916 4,437360
v 3,566082 0,218792 4,260666
v 3,563650 0,220884 4,261900
v 3,560819 0,222200 4,263338
v 3,557780 0,222648 4,264881
v 3,300720 0,222648 4,395393
v 3,294849 0,224413 4,398374
v 3,290552 0,229233 4,400556
v 3,288979 0,235817 4,401354
v 3,288979 0,322541 4,401354
v 3,288579 0,325949 4,401557
v 3,287406 0,329125 4,402153
v 3,285540 0,331852 4,403100
v 3,215090 0,410862 4,438869
v 3,210415 0,414074 4,441242
v 3,204950 0,414557 4,444016
v 3,199885 0,412204 4,446588
v 3,196325 0,407529 4,448396
v 3,195045 0,401551 4,449045
v 3,195045 0,070083 4,449045
v 3,195445 0,066675 4,448842
v 3,196618 0,063499 4,448247
v 3,198484 0,060772 4,447299
v 3,268934 -0,018238 4,411531
v 3,273609 -0,021451 4,409158
v 3,279074 -0,021933 4,406383
v 3,284139 -0,019580 4,403812
v 3,287699 -0,014905 4,402004
v 3,288979 -0,008927 4,401354
v 3,288979 0,104133 4,401354
v 3,290552 0,110718 4,400556
v 3,294849 0,115538 4,398374
v 3,300720 0,117302 4,395393
v 3,535554 -0,172402 4,276165
v 3,541425 -0,170637 4,273185
v 3,545722 -0,165817 4,271003
v 3,547296 -0,159233 4,270204
v 3,547296 -0,046173 4,270204
v 3,548575 -0,040194 4,269554
v 3,552136 -0,035519 4,267747
v 3,557200 -0,033167 4,265175
v 3,562666 -0,033649 4,262400
v 3,567340 -0,036861 4,260027
v 3,637790 -0,115871 4,224259
v 3,639656 -0,118599 4,223312
v 3,640829 -0,121774 4,222716
v 3,641229 -0,125183 4,222513
v 3,641229 -0,264580 4,222513
v 3,639656 -0,271164 4,223312
v 3,635358 -0,275984 4,225494
v 3,629487 -0,277748 4,228474
v 3,293842 -0,277748 4,398885
v 3,290803 -0,277299 4,400428
v 3,287971 -0,275984 4,401866
v 3,285540 -0,273891 4,403100
v 3,198484 -0,176258 4,447299
v 3,196618 -0,173531 4,448247
v 3,195445 -0,170355 4,448842
v 3,195045 -0,166947 4,449045
v 3,195045 -0,046173 4,449045
v 3,196325 -0,040194 4,448396
v 3,199885 -0,035519 4,446588
v 3,204950 -0,033167 4,444016
v 3,210415 -0,033649 4,441242
v 3,215090 -0,036861 4,438869
v 3,285540 -0,115871 4,403100
v 3,287406 -0,118599 4,402153
v 3,288579 -0,121774 4,401557
v 3,288979 -0,125183 4,401354
v 3,288979 -0,159233 4,401354
v 3,290552 -0,165817 4,400556
v 3,294849 -0,170637 4,398374
v 3,300720 -0,172402 4,395393
v 3,371170 -0,172402 4,359625
v 3,377041 -0,170637 4,356644
v 3,381339 -0,165817 4,354462
v 3,382912 -0,159233 4,353663
v 3,382912 -0,098846 4,353663
v 3,384192 -0,092868 4,353014
v 3,387752 -0,088193 4,351206
v 3,392817 -0,085840 4,348634
v 3,398282 -0,086322 4,345860
v 3,402956 -0,089535 4,343487
v 3,473406 -0,168545 4,307718
v 3,475838 -0,170637 4,306484
v 3,478670 -0,171953 4,305046
v 3,481709 -0,172402 4,303503
v -0,000000 -1,260000 6,520000
v -0,231524 -1,238546 6,520000
v -0,455164 -1,174915 6,520000
v -0,663305 -1,071274 6,520000
v -0,848857 -0,931151 6,520000
v -1,005502 -0,759320 6,520000
v -1,127906 -0,561630 6,520000
v -1,211900 -0,344815 6,520000
v -1,254625 -0,116258 6,520000
v -1,254625 0,116258 6,520000
v -1,211900 0,344815 6,520000
v -1,127906 0,561630 6,520000
v -1,005502 0,759320 6,520000
v -0,848857 0,931151 6,520000
v -0,663305 1,071274 6,520000
v -0,455164 1,174915 6,520000
v -0,231524 1,238546 6,520000
v 0,000000 1,260000 6,520000
v 0,231524 1,238546 6,520000
v 0,455164 1,174915 6,520000
v 0,663305 1,071274 6,520000
v 0,848857 0,931151 6,520000
v 1,005502 0,759320 6,520000
v 1,127906 0,561630 6,520000
v 1,211900 0,344815 6,520000
v 1,254625 0,116258 6,520000
v 1,254625 -0,116258 6,520000
v 1,211900 -0,344815 6,520000
v 1,127906 -0,561630 6,520000
v 1,005502 -0,759320 6,520000
v 0,848857 -0,931151 6,520000
v 0,663305 -1,071274 6,520000
v 0,455164 -1,174915 6,520000
v 0,231524 -1,238546 6,520000
v -0,000000 -1,260000 6,000000
v 0,231524 -1,238546 6,000000
v 0,455164 -1,174915 6,000000
v 0,663305 -1,071274 6,000000
v 0,848857 -0,931151 6,000000
v 1,005502 -0,759320 6,000000
v 1,127906 -0,561630 6,000000
v 1,211900 -0,344815 6,000000
v 1,254625 -0,116258 6,000000
v 1,254625 0,116258 6,000000
v 1,211900 0,344815 6,000000
v 1,127906 0,561630 6,000000
v 1,005502 0,759320 6,000000
v 0,848857 0,931151 6,000000
v 0,663305 1,071274 6,000000
v 0,455164 1,174915 6,000000
v 0,231524 1,238546 6,000000
v -0,000000 1,260000 6,000000
v -0,231524 1,238546 6,000000
v -0,455164 1,174915 6,000000
v -0,663305 1,071274 6,000000
v -0,848857 0,931151 6,000000
v -1,005502 0,759320 6,000000
v -1,127906 0,561630 6,000000
v -1,211900 0,344815 6,000000
v -1,254625 0,116258 6,000000
v -1,254625 -0,116258 6,000000
v -1,211900 -0,344815 6,000000
v -1,127906 -0,561630 6,000000
v -1,005502 -0,759320 6,000000
v -0,848857 -0,931151 6,000000
v -0,663305 -1,071274 6,000000
v -0,455164 -1,174915 6,000000
v -0,231524 -1,238546 6,000000
v -0,000000 -1,920000 6,000000
v 0,286161 -1,898555 6,000000
v 0,565930 -1,834700 6,000000
v 0,833057 -1,729860 6,000000
v 1,081575 -1,586378 6,000000
v 1,305932 -1,407460 6,000000
v 1,501116 -1,197100 6,000000
v 1,662769 -0,960000 6,000000
v 1,787278 -0,701455 6,000000
v 1,871862 -0,427240 6,000000
v 1,914631 -0,143482 6,000000
v 1,914631 0,143482 6,000000
v 1,871862 0,427240 6,000000
v 1,787278 0,701455 6,000000
v 1,662769 0,960000 6,000000
v 1,501116 1,197100 6,000000
v 1,305932 1,407460 6,000000
v 1,081575 1,586378 6,000000
v 0,833057 1,729860 6,000000
v 0,565930 1,834700 6,000000
v 0,286161 1,898555 6,000000
v -0,000000 1,920000 6,000000
v -0,286161 1,898555 6,000000
v -0,565930 1,834700 6,000000
v -0,833057 1,729860 6,000000
v -1,081575 1,586378 6,000000
v -1,305932 1,407460 6,000000
v -1,501116 1,197100 6,000000
v -1,662769 0,960000 6,000000
v -1,787278 0,701455 6,000000
v -1,871862 0,427240 6,000000
v -1,914631 0,143482 6,000000
v -1,914631 -0,143482 6,000000
v -1,871862 -0,427240 6,000000
v -1,787278 -0,701455 6,000000
v -1,662769 -0,960000 6,000000
v -1,501116 -1,197100 6,000000
v -1,305932 -1,407460 6,000000
v -1,081575 -1,586378 6,000000
v -0,833057 -1,729860 6,000000
v -0,565930 -1,834700 6,000000
v -0,286161 -1,898555 6,000000
v -0,000000 -1,920000 6,520000
v -0,286161 -1,898555 6,520000
v -0,565930 -1,834700 6,520000
v -0,833057 -1,729860 6,520000
v -1,081575 -1,586378 6,520000
v -1,305932 -1,407460 6,520000
v -1,501116 -1,197100 6,520000
v -1,662769 -0,960000 6,520000
v -1,787278 -0,701455 6,520000
v -1,871862 -0,427240 6,520000
v -1,914631 -0,143482 6,520000
v -1,914631 0,143482 6,520000
v -1,871862 0,427240 6,520000
v -1,787278 0,701455 6,520000
v -1,662769 0,960000 6,520000
v -1,501116 1,197100 6,520000
v -1,305932 1,407460 6,520000
v -1,081575 1,586378 6,520000
v -0,833057 1,729860 6,520000
v -0,565930 1,834700 6,520000
v -0,286161 1,898555 6,520000
v -0,000000 1,920000 6,520000
v 0,286161 1,898555 6,520000
v 0,565930 1,834700 6,520000
v 0,833057 1,729860 6,520000
v 1,081575 1,586378 6,520000
v 1,305932 1,407460 6,520000
v 1,501116 1,197100 6,520000
v 1,662769 0,960000 6,520000
v 1,787278 0,701455 6,520000
v 1,871862 0,427240 6,520000
v 1,914631 0,143482 6,520000
v 1,914631 -0,143482 6,520000
v 1,871862 -0,427240 6,520000
v 1,787278 -0,701455 6,520000
v 1,662769 -0,960000 6,520000
v 1,501116 -1,197100 6,520000
v 1,305932 -1,407460 6,520000
v 1,081575 -1,586378 6,520000
v 0,833057 -1,729860 6,520000
v 0,565930 -1,834700 6,520000
v 0,286161 -1,898555 6,520000
vt 0,000000 8,000000 0,000000
vt -0,411284 7,978800 0,000000
vt 0,411284 7,978800 0,000000
vt 0,818208 7,915423 0,000000
vt -0,818208 7,915423 0,000000
vt 1,216459 7,810542 0,000000
vt -1,216459 7,810542 0,000000
vt 1,601816 7,665268 0,000000
vt -1,601816 7,665268 0,000000
vt 1,970192 7,481141 0,000000
vt -1,970192 7,481141 0,000000
vt 2,317684 7,260113 0,000000
vt -2,317684 7,260113 0,000000
vt 2,640608 7,004528 0,000000
vt -2,640608 7,004528 0,000000
vt 2,935541 6,717093 0,000000
vt -2,935541 6,717093 0,000000
vt 3,199357 6,400857 0,000000
vt -3,199357 6,400857 0,000000
vt 3,429259 6,059171 0,000000
vt -3,429259 6,059171 0,000000
vt 3,622809 5,695658 0,000000
vt -3,622809 5,695658 0,000000
vt 3,777957 5,314170 0,000000
vt -3,777957 5,314170 0,000000
vt 3,893057 4,918751 0,000000
vt -3,893057 4,918751 0,000000
vt 3,966891 4,513593 0,000000
vt -3,966891 4,513593 0,000000
vt 3,998674 4,102992 0,000000
vt -3,998674 4,102992 0,000000
vt 3,988070 3,691298 0,000000
vt -3,988070 3,691298 0,000000
vt 3,935192 3,282877 0,000000
vt -3,935192 3,282877 0,000000
vt 3,840599 2,882057 0,000000
vt -3,840599 2,882057 0,000000
vt 3,705296 2,493088 0,000000
vt -3,705296 2,493088 0,000000
vt 3,530715 2,120093 0,000000
vt -3,530715 2,120093 0,000000
vt 3,318708 1,767025 0,000000
vt -3,318708 1,767025 0,000000
vt 3,071522 1,437627 0,000000
vt -3,071522 1,437627 0,000000
vt 2,791777 1,135391 0,000000
vt -2,791777 1,135391 0,000000
vt 2,482438 0,863521 0,000000
vt -2,482438 0,863521 0,000000
vt 2,146785 0,624898 0,000000
vt -2,146785 0,624898 0,000000
vt 1,788375 0,422052 0,000000
vt -1,788375 0,422052 0,000000
vt 1,411008 0,257133 0,000000
vt -1,411008 0,257133 0,000000
vt 1,018684 0,131889 0,000000
vt -1,018684 0,131889 0,000000
vt 0,615562 0,047648 0,000000
vt -0,615562 0,047648 0,000000
vt 0,205915 0,005304 0,000000
vt -0,205915 0,005304 0,000000
vt 0,083586 -0,000000 0,000000
vt 0,000000 -0,000000 0,000000
vt 0,083557 -0,003880 0,000000
vt -0,000000 -0,006205 0,000000
vt 0,083575 -0,007814 0,000000
vt -0,000000 -0,012411 0,000000
vt 0,083634 -0,011616 0,000000
vt 0,083732 -0,015540 0,000000
vt -0,000000 -0,018616 0,000000
vt 0,083861 -0,019437 0,000000
vt 0,084007 -0,023253 0,000000
vt -0,000000 -0,024822 0,000000
vt 0,084164 -0,027193 0,000000
vt -0,000000 -0,031027 0,000000
vt 0,084313 -0,031027 0,000000
vt -0,823650 9,966574 0,000000
vt 0,823650 10,094130 0,000000
vt -0,823650 10,304424 0,000000
vt -0,823650 -10,304424 0,000000
vt 0,823650 -10,514718 0,000000
vt 0,823650 -10,094130 0,000000
vt -0,823650 -9,966574 0,000000
vt 0,823650 -9,673541 0,000000
vt -0,823650 -9,628724 0,000000
vt 0,823650 -9,252952 0,000000
vt -0,823650 -9,290874 0,000000
vt -0,823650 -8,953024 0,000000
vt 0,823650 -8,832363 0,000000
vt -0,823650 -8,615174 0,000000
vt 0,823650 -8,411775 0,000000
vt -0,823650 -8,277324 0,000000
vt 0,823650 -7,991186 0,000000
vt -0,823650 -7,939474 0,000000
vt 0,823650 -7,570597 0,000000
vt -0,823650 -7,601624 0,000000
vt -0,823650 -7,263774 0,000000
vt 0,823650 -7,150008 0,000000
vt -0,823650 -6,925924 0,000000
vt 0,823650 -6,729420 0,000000
vt -0,823650 -6,588074 0,000000
vt 0,823650 -6,308831 0,000000
vt -0,823650 -6,250224 0,000000
vt 0,823650 -5,888242 0,000000
vt -0,823650 -5,912374 0,000000
vt -0,023850 -5,663394 0,000000
vt -0,395892 -5,617221 0,000000
vt 0,823650 9,673541 0,000000
vt -0,823650 9,628724 0,000000
vt 0,823650 9,252952 0,000000
vt -0,823650 9,290874 0,000000
vt -0,823650 8,953024 0,000000
vt 0,823650 8,832363 0,000000
vt -0,823650 8,615174 0,000000
vt 0,823650 8,411775 0,000000
vt -0,823650 8,277324 0,000000
vt 0,823650 7,991186 0,000000
vt -0,823650 7,939474 0,000000
vt 0,823650 7,570597 0,000000
vt -0,823650 7,601624 0,000000
vt -0,823650 7,263774 0,000000
vt 0,823650 7,150008 0,000000
vt -0,823650 6,925924 0,000000
vt 0,823650 6,729420 0,000000
vt -0,823650 6,588074 0,000000
vt 0,823650 6,308831 0,000000
vt -0,823650 6,250224 0,000000
vt 0,823650 5,888242 0,000000
vt -0,823650 5,912374 0,000000
vt -0,823650 5,574524 0,000000
vt 0,823650 5,467653 0,000000
vt -0,823650 5,236674 0,000000
vt 0,823650 5,047065 0,000000
vt -0,823650 4,898824 0,000000
vt 0,823650 4,626476 0,000000
vt -0,823650 4,560975 0,000000
vt 0,823650 4,205887 0,000000
vt -0,823650 4,223125 0,000000
vt -0,823650 3,885275 0,000000
vt 0,823650 3,785299 0,000000
vt -0,823650 3,547425 0,000000
vt 0,823650 3,364710 0,000000
vt -0,823650 3,209575 0,000000
vt 0,823650 2,944121 0,000000
vt -0,823650 2,871725 0,000000
vt 0,823650 2,523532 0,000000
vt -0,823650 2,533875 0,000000
vt -0,823650 2,196025 0,000000
vt 0,823650 2,102944 0,000000
vt -0,823650 1,858175 0,000000
vt 0,823650 1,682355 0,000000
vt -0,823650 1,520325 0,000000
vt 0,823650 1,261766 0,000000
vt -0,823650 1,182475 0,000000
vt 0,823650 0,841177 0,000000
vt -0,823650 0,844625 0,000000
vt -0,823650 0,506775 0,000000
vt 0,823650 0,420589 0,000000
vt -0,823650 0,168925 0,000000
vt 0,823650 -0,000000 0,000000
vt -0,823650 -0,168925 0,000000
vt 0,823650 -0,420589 0,000000
vt -0,823650 -0,506775 0,000000
vt 0,823650 -0,841177 0,000000
vt -0,823650 -0,844625 0,000000
vt -0,823650 -1,182475 0,000000
vt 0,823650 -1,261766 0,000000
vt -0,823650 -1,520325 0,000000
vt 0,823650 -1,682355 0,000000
vt -0,823650 -1,858175 0,000000
vt 0,823650 -2,102944 0,000000
vt -0,823650 -2,196025 0,000000
vt 0,823650 -2,523532 0,000000
vt -0,823650 -2,533875 0,000000
vt -0,823650 -2,871725 0,000000
vt 0,823650 -2,944121 0,000000
vt -0,823650 -3,209575 0,000000
vt 0,823650 -3,364710 0,000000
vt -0,823650 -3,547425 0,000000
vt 0,823650 -3,785299 0,000000
vt -0,823650 -3,885275 0,000000
vt 0,823650 -4,205887 0,000000
vt -0,823650 -4,223125 0,000000
vt -0,823650 -4,560975 0,000000
vt 0,823650 -4,626476 0,000000
vt -0,823650 -4,898824 0,000000
vt -0,077517 -4,879773 0,000000
vt -0,170174 -4,886223 0,000000
vt -0,263688 -4,892430 0,000000
vt -0,358058 -4,898406 0,000000
vt -0,453283 -4,904164 0,000000
vt -0,458285 -4,905371 0,000000
vt -0,462322 -4,908141 0,000000
vt -0,464905 -4,912138 0,000000
vt -0,465567 -4,916635 0,000000
vt -0,462851 -4,957928 0,000000
vt -0,460657 -4,999271 0,000000
vt -0,458985 -5,040652 0,000000
vt -0,458434 -5,043677 0,000000
vt -0,823650 -5,236674 0,000000
vt -0,457026 -5,046473 0,000000
vt -0,454855 -5,048851 0,000000
vt -0,374329 -5,118694 0,000000
vt -0,370761 -5,120964 0,000000
vt -0,366844 -5,122026 0,000000
vt -0,061871 -5,180507 0,000000
vt -0,061771 -5,143429 0,000000
vt -0,823650 -5,574524 0,000000
vt -0,376057 -5,353101 0,000000
vt -0,378669 -5,351069 0,000000
vt -0,454186 -5,276931 0,000000
vt -0,399219 -5,616436 0,000000
vt -0,402207 -5,614900 0,000000
vt 0,823650 -5,467653 0,000000
vt -0,010705 -5,657054 0,000000
vt -0,013106 -5,660022 0,000000
vt -0,016308 -5,662199 0,000000
vt 0,823650 -5,047065 0,000000
vt 0,042984 -5,223113 0,000000
vt 0,021517 -5,557106 0,000000
vt 0,020426 -5,561109 0,000000
vt -0,067940 -4,882889 0,000000
vt 0,035531 -4,974181 0,000000
vt 0,037753 -4,976833 0,000000
vt -0,354027 -5,002074 0,000000
vt -0,354818 -5,006688 0,000000
vt -0,272345 -4,995013 0,000000
vt -0,353502 -5,041107 0,000000
vt -0,190714 -5,066998 0,000000
vt -0,352540 -5,075546 0,000000
vt -0,187937 -5,068932 0,000000
vt -0,184304 -5,070210 0,000000
vt -0,179978 -5,070383 0,000000
vt -0,351931 -5,109997 0,000000
vt 0,020978 -5,115143 0,000000
vt -0,352528 -5,113714 0,000000
vt -0,354056 -5,116680 0,000000
vt 0,026203 -5,118309 0,000000
vt -0,357929 -5,120207 0,000000
vt 0,031611 -5,118864 0,000000
vt -0,046777 -5,130520 0,000000
vt -0,042866 -5,131683 0,000000
vt -0,360860 -5,121499 0,000000
vt -0,052762 -5,131073 0,000000
vt -0,055698 -5,132460 0,000000
vt -0,059592 -5,136248 0,000000
vt -0,061141 -5,139434 0,000000
vt -0,074081 -4,879969 0,000000
vt -0,070815 -4,881032 0,000000
vt 0,039218 -4,979977 0,000000
vt 0,039825 -4,983399 0,000000
vt 0,041451 -5,024071 0,000000
vt 0,042632 -5,064774 0,000000
vt 0,043366 -5,105498 0,000000
vt 0,042774 -5,109612 0,000000
vt 0,041182 -5,112999 0,000000
vt 0,037184 -5,116926 0,000000
vt 0,034470 -5,118227 0,000000
vt -0,039310 -5,134162 0,000000
vt 0,039292 -5,213630 0,000000
vt -0,059699 -5,038132 0,000000
vt -0,172814 -5,067271 0,000000
vt -0,176199 -5,069373 0,000000
vt -0,061877 -5,035514 0,000000
vt -0,169023 -5,038341 0,000000
vt -0,168453 -5,057600 0,000000
vt -0,168983 -5,061471 0,000000
vt -0,063295 -5,032432 0,000000
vt -0,063857 -5,029095 0,000000
vt -0,169700 -5,019089 0,000000
vt -0,065152 -4,995637 0,000000
vt -0,170481 -4,999844 0,000000
vt -0,169624 -4,994815 0,000000
vt -0,166839 -4,990597 0,000000
vt -0,066297 -4,990891 0,000000
vt -0,162333 -4,987646 0,000000
vt -0,069214 -4,986844 0,000000
vt -0,157885 -4,986702 0,000000
vt -0,078900 -4,983286 0,000000
vt -0,073629 -4,984114 0,000000
vt -0,170216 -5,064215 0,000000
vt -0,275162 -4,993171 0,000000
vt -0,281821 -4,991791 0,000000
vt -0,342195 -4,994158 0,000000
vt -0,347216 -4,995281 0,000000
vt -0,278394 -4,992072 0,000000
vt -0,351340 -4,998041 0,000000
vt -0,076773 -5,267185 0,000000
vt -0,064444 -5,259747 0,000000
vt -0,444170 -5,257116 0,000000
vt -0,063211 -5,254637 0,000000
vt -0,062351 -5,217578 0,000000
vt -0,071871 -5,266416 0,000000
vt -0,067549 -5,263867 0,000000
vt 0,041339 -5,216422 0,000000
vt 0,042599 -5,219657 0,000000
vt 0,018508 -5,564174 0,000000
vt 0,014181 -5,567566 0,000000
vt -0,009673 -5,645827 0,000000
vt -0,011559 -5,642402 0,000000
vt 0,011095 -5,568624 0,000000
vt 0,005088 -5,568474 0,000000
vt -0,080465 -5,555463 0,000000
vt 0,001351 -5,566846 0,000000
vt -0,001876 -5,563949 0,000000
vt -0,072632 -5,478299 0,000000
vt -0,089308 -5,550735 0,000000
vt -0,085967 -5,551525 0,000000
vt -0,082950 -5,553138 0,000000
vt -0,074478 -5,475453 0,000000
vt -0,466410 -5,515450 0,000000
vt -0,462617 -5,515285 0,000000
vt -0,075511 -5,472237 0,000000
vt -0,075663 -5,468869 0,000000
vt -0,073286 -5,440596 0,000000
vt -0,071130 -5,412289 0,000000
vt -0,369576 -5,355026 0,000000
vt -0,470112 -5,516619 0,000000
vt -0,473208 -5,518650 0,000000
vt -0,475510 -5,521383 0,000000
vt -0,476850 -5,524661 0,000000
vt -0,477063 -5,528027 0,000000
vt -0,476150 -5,531391 0,000000
vt -0,474165 -5,534376 0,000000
vt -0,404653 -5,612718 0,000000
vt -0,069197 -5,383951 0,000000
vt -0,081545 -5,370285 0,000000
vt -0,069805 -5,379181 0,000000
vt -0,072800 -5,374248 0,000000
vt -0,075551 -5,372093 0,000000
vt -0,372956 -5,354451 0,000000
vt -0,456384 -5,274095 0,000000
vt -0,457573 -5,270766 0,000000
vt -0,457634 -5,267390 0,000000
vt -0,456568 -5,264036 0,000000
vt -0,454462 -5,261125 0,000000
vt -0,451566 -5,258924 0,000000
vt -0,447967 -5,257519 0,000000
vt -0,008886 -5,649626 0,000000
vt -0,009230 -5,653415 0,000000
vt -0,020055 -5,663360 0,000000
vt -6,646000 12,154358 0,000000
vt -2,526000 12,154358 0,000000
vt -6,646000 12,566371 0,000000
vt -2,526000 12,566371 0,000000
vt -6,646000 -12,566371 0,000000
vt -2,526000 -12,566371 0,000000
vt -6,646000 -12,154358 0,000000
vt -2,526000 -12,154358 0,000000
vt -6,646000 -11,742346 0,000000
vt -2,526000 -11,742346 0,000000
vt -6,646000 -11,330334 0,000000
vt -2,526000 -11,330334 0,000000
vt -6,646000 -10,918322 0,000000
vt -2,526000 -10,918322 0,000000
vt -6,646000 -10,506310 0,000000
vt -2,526000 -10,506310 0,000000
vt -6,646000 -10,094298 0,000000
vt -2,526000 -10,094298 0,000000
vt -6,646000 -9,682286 0,000000
vt -2,526000 -9,682286 0,000000
vt -6,646000 -9,270273 0,000000
vt -2,526000 -9,270273 0,000000
vt -6,646000 -8,858261 0,000000
vt -2,526000 -8,858261 0,000000
vt -6,646000 -8,446249 0,000000
vt -2,526000 -8,446249 0,000000
vt -6,646000 -8,034237 0,000000
vt -2,526000 -8,034237 0,000000
vt -6,646000 -7,622225 0,000000
vt -2,526000 -7,622225 0,000000
vt -6,646000 -7,210213 0,000000
vt -2,526000 -7,210213 0,000000
vt -6,646000 -6,798200 0,000000
vt -2,526000 -6,798200 0,000000
vt -6,646000 -6,386188 0,000000
vt -2,526000 -6,386188 0,000000
vt -6,646000 -5,974176 0,000000
vt -2,526000 -5,974176 0,000000
vt -6,646000 -5,562164 0,000000
vt -2,526000 -5,562164 0,000000
vt -6,646000 -5,150152 0,000000
vt -2,526000 -5,150152 0,000000
vt -6,646000 -4,738140 0,000000
vt -2,526000 -4,738140 0,000000
vt -6,646000 -4,326128 0,000000
vt -2,526000 -4,326128 0,000000
vt -6,646000 -3,914115 0,000000
vt -2,526000 -3,914115 0,000000
vt -6,646000 -3,502103 0,000000
vt -2,526000 -3,502103 0,000000
vt -6,646000 -3,090091 0,000000
vt -2,526000 -3,090091 0,000000
vt -6,646000 -2,678079 0,000000
vt -2,526000 -2,678079 0,000000
vt -6,646000 -2,266067 0,000000
vt -2,526000 -2,266067 0,000000
vt -6,646000 -1,854055 0,000000
vt -2,526000 -1,854055 0,000000
vt -6,646000 -1,442043 0,000000
vt -2,526000 -1,442043 0,000000
vt -6,646000 -1,030030 0,000000
vt -2,526000 -1,030030 0,000000
vt -6,646000 -0,618018 0,000000
vt -2,526000 -0,618018 0,000000
vt -6,646000 -0,206006 0,000000
vt -2,526000 -0,206006 0,000000
vt -6,646000 0,206006 0,000000
vt -2,526000 0,206006 0,000000
vt -6,646000 0,618018 0,000000
vt -2,526000 0,618018 0,000000
vt -6,646000 1,030030 0,000000
vt -2,526000 1,030030 0,000000
vt -6,646000 1,442043 0,000000
vt -2,526000 1,442043 0,000000
vt -6,646000 1,854055 0,000000
vt -2,526000 1,854055 0,000000
vt -6,646000 2,266067 0,000000
vt -2,526000 2,266067 0,000000
vt -6,646000 2,678079 0,000000
vt -2,526000 2,678079 0,000000
vt -6,646000 3,090091 0,000000
vt -2,526000 3,090091 0,000000
vt -6,646000 3,502103 0,000000
vt -2,526000 3,502103 0,000000
vt -6,646000 3,914115 0,000000
vt -2,526000 3,914115 0,000000
vt -6,646000 4,326128 0,000000
vt -2,526000 4,326128 0,000000
vt -6,646000 4,738140 0,000000
vt -2,526000 4,738140 0,000000
vt -6,646000 5,150152 0,000000
vt -2,526000 5,150152 0,000000
vt -6,646000 5,562164 0,000000
vt -2,526000 5,562164 0,000000
vt -6,646000 5,974176 0,000000
vt -2,526000 5,974176 0,000000
vt -6,646000 6,386188 0,000000
vt -2,526000 6,386188 0,000000
vt -6,646000 6,798200 0,000000
vt -2,526000 6,798200 0,000000
vt -6,646000 7,210213 0,000000
vt -2,526000 7,210213 0,000000
vt -6,646000 7,622225 0,000000
vt -2,526000 7,622225 0,000000
vt -6,646000 8,034237 0,000000
vt -2,526000 8,034237 0,000000
vt -6,646000 8,446249 0,000000
vt -2,526000 8,446249 0,000000
vt -6,646000 8,858261 0,000000
vt -2,526000 8,858261 0,000000
vt -6,646000 9,270273 0,000000
vt -2,526000 9,270273 0,000000
vt -6,646000 9,682286 0,000000
vt -2,526000 9,682286 0,000000
vt -6,646000 10,094298 0,000000
vt -2,526000 10,094298 0,000000
vt -6,646000 10,506310 0,000000
vt -2,526000 10,506310 0,000000
vt -6,646000 10,918322 0,000000
vt -2,526000 10,918322 0,000000
vt -6,646000 11,330334 0,000000
vt -2,526000 11,330334 0,000000
vt -6,646000 11,742346 0,000000
vt -2,526000 11,742346 0,000000
vt -0,126000 0,328264 0,000000
vt -1,726000 -0,000000 0,000000
vt -0,126000 -0,000000 0,000000
vt -1,726000 -0,328264 0,000000
vt -0,126000 -0,328264 0,000000
vt -1,726000 -0,656529 0,000000
vt -0,126000 -0,656529 0,000000
vt -1,726000 -0,984793 0,000000
vt -0,126000 -0,984793 0,000000
vt -1,726000 -1,313058 0,000000
vt -0,126000 -1,313058 0,000000
vt -1,726000 -1,641322 0,000000
vt -0,126000 -1,641322 0,000000
vt -1,726000 -1,969586 0,000000
vt -0,126000 -1,969586 0,000000
vt -1,726000 -2,297851 0,000000
vt -0,126000 -2,297851 0,000000
vt -1,726000 -2,626115 0,000000
vt -0,126000 -2,626115 0,000000
vt -1,726000 -2,954379 0,000000
vt -0,126000 -2,954379 0,000000
vt -1,726000 -3,282644 0,000000
vt -0,126000 -3,282644 0,000000
vt -1,726000 -3,610908 0,000000
vt -0,126000 -3,610908 0,000000
vt -1,726000 -3,939173 0,000000
vt -0,126000 -3,939173 0,000000
vt -1,726000 -4,267437 0,000000
vt -0,126000 -4,267437 0,000000
vt -1,726000 -4,595701 0,000000
vt -0,126000 -4,595701 0,000000
vt -1,726000 -4,923966 0,000000
vt -0,126000 -4,923966 0,000000
vt -1,726000 -5,252230 0,000000
vt -0,126000 -5,252230 0,000000
vt -1,726000 -5,580494 0,000000
vt -0,126000 -5,580494 0,000000
vt -1,726000 -5,908759 0,000000
vt -0,126000 -5,908759 0,000000
vt -1,726000 -6,237023 0,000000
vt -0,126000 -6,237023 0,000000
vt -1,726000 -6,565288 0,000000
vt -0,126000 -6,565288 0,000000
vt -1,726000 -6,893552 0,000000
vt -0,126000 -6,893552 0,000000
vt -1,726000 -7,221816 0,000000
vt -0,126000 -7,221816 0,000000
vt -1,726000 -7,550081 0,000000
vt -0,126000 -7,550081 0,000000
vt -1,726000 -7,878345 0,000000
vt -0,126000 -7,878345 0,000000
vt -0,126000 8,206609 0,000000
vt -1,726000 8,206609 0,000000
vt -1,726000 7,878345 0,000000
vt -0,126000 7,878345 0,000000
vt -1,726000 7,550081 0,000000
vt -0,126000 7,550081 0,000000
vt -1,726000 7,221816 0,000000
vt -0,126000 7,221816 0,000000
vt -1,726000 6,893552 0,000000
vt -0,126000 6,893552 0,000000
vt -1,726000 6,565288 0,000000
vt -0,126000 6,565288 0,000000
vt -1,726000 6,237023 0,000000
vt -0,126000 6,237023 0,000000
vt -1,726000 5,908759 0,000000
vt -0,126000 5,908759 0,000000
vt -1,726000 5,580494 0,000000
vt -0,126000 5,580494 0,000000
vt -1,726000 5,252230 0,000000
vt -0,126000 5,252230 0,000000
vt -1,726000 4,923966 0,000000
vt -0,126000 4,923966 0,000000
vt -1,726000 4,595701 0,000000
vt -0,126000 4,595701 0,000000
vt -1,726000 4,267437 0,000000
vt -0,126000 4,267437 0,000000
vt -1,726000 3,939173 0,000000
vt -0,126000 3,939173 0,000000
vt -1,726000 3,610908 0,000000
vt -0,126000 3,610908 0,000000
vt -1,726000 3,282644 0,000000
vt -0,126000 3,282644 0,000000
vt -1,726000 2,954379 0,000000
vt -0,126000 2,954379 0,000000
vt -1,726000 2,626115 0,000000
vt -0,126000 2,626115 0,000000
vt -1,726000 2,297851 0,000000
vt -0,126000 2,297851 0,000000
vt -1,726000 1,969586 0,000000
vt -0,126000 1,969586 0,000000
vt -1,726000 1,641322 0,000000
vt -0,126000 1,641322 0,000000
vt -1,726000 1,313058 0,000000
vt -0,126000 1,313058 0,000000
vt -1,726000 0,984793 0,000000
vt -0,126000 0,984793 0,000000
vt -1,726000 0,656529 0,000000
vt -0,126000 0,656529 0,000000
vt -1,726000 0,328264 0,000000
vt -2,570720 -2,923458 0,000000
vt -2,558685 -2,674052 0,000000
vt -2,592000 -2,592000 0,000000
vt -2,548171 -2,346181 0,000000
vt -2,570720 -2,260542 0,000000
vt -2,495815 -2,022346 0,000000
vt -2,507228 -1,934527 0,000000
vt -2,402479 -1,707865 0,000000
vt -2,402568 -1,619308 0,000000
vt -2,269694 -1,407902 0,000000
vt -2,258458 -1,320060 0,000000
vt -2,099641 -1,127381 0,000000
vt -2,077264 -1,041698 0,000000
vt -1,895112 -0,870910 0,000000
vt -1,861962 -0,788791 0,000000
vt -1,659465 -0,642698 0,000000
vt -1,616086 -0,565493 0,000000
vt -1,396569 -0,446494 0,000000
vt -1,343674 -0,375470 0,000000
vt -1,110742 -0,285520 0,000000
vt -1,049198 -0,221842 0,000000
vt -0,806677 -0,162417 0,000000
vt -0,737496 -0,107133 0,000000
vt -0,489366 -0,079209 0,000000
vt -0,413683 -0,033225 0,000000
vt -0,164020 -0,037260 0,000000
vt -0,083078 -0,001332 0,000000
vt 0,164020 -0,037260 0,000000
vt 0,248892 -0,011977 0,000000
vt 0,489366 -0,079209 0,000000
vt 0,576774 -0,064987 0,000000
vt 0,806677 -0,162417 0,000000
vt 0,895186 -0,159490 0,000000
vt 1,110742 -0,285520 0,000000
vt 1,198899 -0,293935 0,000000
vt 1,396569 -0,446494 0,000000
vt 1,482926 -0,466114 0,000000
vt 1,659465 -0,642698 0,000000
vt 1,742604 -0,673199 0,000000
vt 1,895112 -0,870910 0,000000
vt 1,973668 -0,911792 0,000000
vt 2,099641 -1,127381 0,000000
vt 2,172324 -1,177974 0,000000
vt 2,269694 -1,407902 0,000000
vt 2,335311 -1,467373 0,000000
vt 2,402479 -1,707865 0,000000
vt 2,459952 -1,775239 0,000000
vt 2,495815 -2,022346 0,000000
vt 2,544201 -2,096517 0,000000
vt 2,548171 -2,346181 0,000000
vt 2,586674 -2,425930 0,000000
vt 2,558685 -2,674052 0,000000
vt 2,586674 -2,758070 0,000000
vt 2,527185 -3,000576 0,000000
vt 2,544201 -3,087483 0,000000
vt 2,454190 -3,320391 0,000000
vt 2,459952 -3,408761 0,000000
vt 2,340896 -3,628245 0,000000
vt 2,335311 -3,716627 0,000000
vt 2,189165 -3,919085 0,000000
vt 2,172324 -4,006026 0,000000
vt 2,001489 -4,188134 0,000000
vt 1,973668 -4,272208 0,000000
vt 1,780947 -4,430974 0,000000
vt 1,742604 -4,510801 0,000000
vt 1,531163 -4,643619 0,000000
vt 1,482926 -4,717886 0,000000
vt 1,256237 -4,822576 0,000000
vt 1,198899 -4,890065 0,000000
vt 0,960684 -4,964907 0,000000
vt 0,895186 -5,024510 0,000000
vt 0,649356 -5,068275 0,000000
vt 0,576774 -5,119013 0,000000
vt 0,327366 -5,130982 0,000000
vt 0,248892 -5,172023 0,000000
vt -0,000000 -5,152000 0,000000
vt -0,083078 -5,182668 0,000000
vt -0,327366 -5,130982 0,000000
vt -0,413683 -5,150775 0,000000
vt -0,649356 -5,068275 0,000000
vt -0,737496 -5,076867 0,000000
vt -0,960684 -4,964907 0,000000
vt -1,049198 -4,962158 0,000000
vt -1,256237 -4,822576 0,000000
vt -1,343674 -4,808530 0,000000
vt -1,531163 -4,643619 0,000000
vt -1,616086 -4,618507 0,000000
vt -1,780947 -4,430974 0,000000
vt -1,861962 -4,395209 0,000000
vt -2,001489 -4,188134 0,000000
vt -2,077264 -4,142302 0,000000
vt -2,189165 -3,919085 0,000000
vt -2,258458 -3,863940 0,000000
vt -2,340896 -3,628245 0,000000
vt -2,402568 -3,564692 0,000000
vt -2,454190 -3,320391 0,000000
vt -2,507228 -3,249473 0,000000
vt -2,527185 -3,000576 0,000000
vt -0,504279 -0,318371 0,000000
vt 0,498995 -0,269007 0,000000
vt -0,504279 -0,000000 0,000000
vt 0,504344 -0,000053 0,000000
vt 0,504279 0,000000 0,000000
vt 0,504344 -0,000026 0,000000
vt 0,482992 -0,538339 0,000000
vt -0,504279 -0,636742 0,000000
vt 0,456480 -0,805570 0,000000
vt -0,504279 -0,955114 0,000000
vt 0,419439 -1,070383 0,000000
vt -0,504279 -1,273485 0,000000
vt 0,371790 -1,333137 0,000000
vt -0,504279 -1,591856 0,000000
vt 0,314009 -1,591266 0,000000
vt 0,249394 -1,834651 0,000000
vt -0,504279 -1,910227 0,000000
vt 0,180996 -2,062733 0,000000
vt -0,504279 -2,228598 0,000000
vt 0,111720 -2,275461 0,000000
vt 0,044066 -2,473543 0,000000
vt -0,504279 -2,546969 0,000000
vt -0,023186 -2,668384 0,000000
vt -0,504279 -2,865341 0,000000
vt -0,088229 -2,863073 0,000000
vt -0,148205 -3,057924 0,000000
vt -0,504279 -3,183712 0,000000
vt -0,200258 -3,253443 0,000000
vt -0,504279 -3,502083 0,000000
vt -0,241719 -3,449894 0,000000
vt -0,270227 -3,647589 0,000000
vt -0,504279 -3,820454 0,000000
vt -0,283423 -3,846936 0,000000
vt -0,279297 -4,046756 0,000000
vt -0,504279 -4,138825 0,000000
vt -0,257818 -4,250329 0,000000
vt -0,504279 -4,457196 0,000000
vt -0,218220 -4,467606 0,000000
vt -0,159950 -4,700799 0,000000
vt -0,504279 -4,775568 0,000000
vt -0,083962 -4,949925 0,000000
vt -0,504279 -5,093939 0,000000
vt 0,002763 -5,207359 0,000000
vt -0,504279 -5,412310 0,000000
vt 0,094250 -5,473288 0,000000
vt -0,504279 -5,730681 0,000000
vt 0,184774 -5,748684 0,000000
vt -0,504279 -6,049052 0,000000
vt 0,267990 -6,032097 0,000000
vt 0,339730 -6,319522 0,000000
vt -0,504279 -6,367423 0,000000
vt 0,399203 -6,611585 0,000000
vt -0,504279 -6,685795 0,000000
vt 0,445652 -6,909010 0,000000
vt -0,504279 -7,004166 0,000000
vt 0,478639 -7,208875 0,000000
vt -0,504279 -7,322537 0,000000
vt 0,498166 -7,510311 0,000000
vt -0,504279 -7,640908 0,000000
vt 0,504265 -7,813828 0,000000
vt -0,504279 -7,959279 0,000000
vt 0,504265 7,786359 0,000000
vt -0,504279 7,640908 0,000000
vt 0,496865 7,482141 0,000000
vt -0,504279 7,322537 0,000000
vt 0,475975 7,179387 0,000000
vt -0,504279 7,004166 0,000000
vt 0,441756 6,879716 0,000000
vt -0,504279 6,685795 0,000000
vt 0,394113 6,582638 0,000000
vt -0,504279 6,367423 0,000000
vt 0,333306 6,289839 0,000000
vt -0,504279 6,049052 0,000000
vt 0,263159 6,014817 0,000000
vt -0,504279 5,730681 0,000000
vt 0,187946 5,759593 0,000000
vt 0,111654 5,524364 0,000000
vt -0,504279 5,412310 0,000000
vt 0,036647 5,305206 0,000000
vt -0,504279 5,093939 0,000000
vt -0,038195 5,087758 0,000000
vt -0,109368 4,870704 0,000000
vt -0,504279 4,775568 0,000000
vt -0,173004 4,653455 0,000000
vt -0,504279 4,457196 0,000000
vt -0,225218 4,435443 0,000000
vt -0,262631 4,216098 0,000000
vt -0,504279 4,138825 0,000000
vt -0,282057 3,994722 0,000000
vt -0,504279 3,820454 0,000000
vt -0,280561 3,774508 0,000000
vt -0,504279 3,502083 0,000000
vt -0,258407 3,553372 0,000000
vt -0,218646 3,333820 0,000000
vt -0,504279 3,183712 0,000000
vt -0,165564 3,119418 0,000000
vt -0,504279 2,865341 0,000000
vt -0,103306 2,910233 0,000000
vt -0,035882 2,705845 0,000000
vt -0,504279 2,546969 0,000000
vt 0,033174 2,505083 0,000000
vt -0,504279 2,228598 0,000000
vt 0,105028 2,294987 0,000000
vt 0,177906 2,072273 0,000000
vt -0,504279 1,910227 0,000000
vt 0,248826 1,836893 0,000000
vt -0,504279 1,591856 0,000000
vt 0,314800 1,588438 0,000000
vt 0,372493 1,329725 0,000000
vt -0,504279 1,273485 0,000000
vt 0,419763 1,068375 0,000000
vt -0,504279 0,955114 0,000000
vt 0,456602 0,804400 0,000000
vt -0,504279 0,636742 0,000000
vt 0,483061 0,537368 0,000000
vt -0,504279 0,318371 0,000000
vt 0,499027 0,268702 0,000000
vt 0,504344 0,000053 0,000000
vt -0,000000 -5,520000 0,000000
vt -0,000000 -5,519975 0,000000
vt -0,000000 -5,520051 0,000000
vt -0,000000 -5,519949 0,000000
vt -0,013789 -5,263198 0,000000
vt -0,055154 -5,008357 0,000000
vt -0,123242 -4,759984 0,000000
vt -0,484059 -5,521309 0,000000
vt -0,216983 -4,520402 0,000000
vt -0,335405 -4,291162 0,000000
vt -0,475888 -4,076079 0,000000
vt -0,629708 -3,884139 0,000000
vt -0,631192 -7,157573 0,000000
vt -0,791801 -3,715419 0,000000
vt -0,798945 -7,331415 0,000000
vt -0,973519 -7,483726 0,000000
vt -1,126449 -5,522980 0,000000
vt -1,150993 -7,615102 0,000000
vt -1,330768 -7,728032 0,000000
vt -1,425494 -5,523757 0,000000
vt -1,522274 -7,828751 0,000000
vt -1,724539 -5,524535 0,000000
vt -1,725193 -7,915228 0,000000
vt -1,938527 -7,984670 0,000000
vt -2,003815 -5,525261 0,000000
vt -2,160689 -8,034074 0,000000
vt -2,283091 -5,525987 0,000000
vt -2,386575 -8,060332 0,000000
vt -2,562367 -5,526713 0,000000
vt -2,612200 -8,062063 0,000000
vt -2,841644 -5,527440 0,000000
vt -2,838524 -8,039154 0,000000
vt -3,060891 -7,992973 0,000000
vt -3,120920 -5,528166 0,000000
vt -3,278418 -7,925153 0,000000
vt -3,400196 -5,528892 0,000000
vt -3,489859 -7,837404 0,000000
vt -3,679473 -5,529618 0,000000
vt -3,693699 -7,731479 0,000000
vt -3,888329 -7,609031 0,000000
vt -3,958749 -5,530344 0,000000
vt -4,072648 -7,471030 0,000000
vt -4,198816 -5,530969 0,000000
vt -4,255187 -7,308650 0,000000
vt -4,433571 -7,117875 0,000000
vt -4,601202 -6,897617 0,000000
vt -5,030426 -5,533131 0,000000
vt -4,750279 -6,649082 0,000000
vt -4,869764 -6,384806 0,000000
vt -4,957183 -6,108775 0,000000
vt -5,011201 -5,823351 0,000000
vt -0,957603 -3,569145 0,000000
vt -1,123615 -3,443800 0,000000
vt -1,296567 -3,332025 0,000000
vt -1,477432 -3,233119 0,000000
vt -1,664929 -3,148347 0,000000
vt -1,858045 -3,078989 0,000000
vt -2,055632 -3,026393 0,000000
vt -2,256760 -2,991788 0,000000
vt -2,460766 -2,976384 0,000000
vt -2,665486 -2,981134 0,000000
vt -2,873414 -3,006471 0,000000
vt -3,093315 -3,055564 0,000000
vt -3,325039 -3,132295 0,000000
vt -3,565257 -3,239253 0,000000
vt -3,802086 -3,373938 0,000000
vt -4,030833 -3,535549 0,000000
vt -4,247157 -3,723558 0,000000
vt -4,444883 -3,935556 0,000000
vt -4,617658 -4,166891 0,000000
vt -4,763332 -4,416148 0,000000
vt -4,879779 -4,681801 0,000000
vt -4,963964 -4,958789 0,000000
vt -5,014465 -5,243430 0,000000
vt -0,474208 -6,961606 0,000000
vt -0,333705 -6,745922 0,000000
vt -0,216170 -6,517813 0,000000
vt -0,122885 -6,278944 0,000000
vt -0,054957 -6,030732 0,000000
vt -0,013759 -5,776511 0,000000
vt -0,158650 -0,129743 0,000000
vt -0,084886 -0,167194 0,000000
vt 0,022029 0,199107 0,000000
vt 0,084886 0,167194 0,000000
vt 0,070494 0,010342 0,000000
vt -0,000000 0,010342 0,000000
vt 0,070412 0,006895 0,000000
vt -0,000000 0,006895 0,000000
vt 0,070397 0,003448 0,000000
vt -0,000000 0,003447 0,000000
vt -0,000000 -0,000000 0,000000
vt 0,070450 -0,000000 0,000000
vt -0,000000 0,055868 0,000000
vt 0,000000 -0,055868 0,000000
vt 0,070450 0,055868 0,000000
vt 0,072704 -0,055868 0,000000
vt 0,072704 0,031027 0,000000
vt 0,000000 0,031027 0,000000
vt 0,072801 0,027109 0,000000
vt -0,000000 0,024822 0,000000
vt 0,072962 0,023197 0,000000
vt -0,000000 0,018616 0,000000
vt 0,073166 0,019390 0,000000
vt 0,073408 0,015452 0,000000
vt -0,000000 0,012411 0,000000
vt 0,073656 0,011602 0,000000
vt 0,073894 0,007746 0,000000
vt -0,000000 0,006205 0,000000
vt 0,074107 0,003808 0,000000
vt 0,000000 0,000000 0,000000
vt 0,074267 0,000000 0,000000
vt -0,084886 0,167194 0,000000
vt 0,084886 -0,167194 0,000000
vt -0,018666 0,200815 0,000000
vt 0,162629 -0,127723 0,000000
vt 0,000000 0,010342 0,000000
vt -0,000000 0,006895 0,000000
vt 0,087189 0,010342 0,000000
vt 0,087279 0,006896 0,000000
vt -0,000000 0,003447 0,000000
vt 0,087310 0,003448 0,000000
vt 0,087278 -0,000000 0,000000
vt 0,000000 0,000000 0,000000
vt -0,087278 -0,055868 0,000000
vt 0,000000 -0,055868 0,000000
vt -0,084694 0,055868 0,000000
vt -0,000000 0,055868 0,000000
vt 0,084694 0,031027 0,000000
vt 0,000000 0,031027 0,000000
vt 0,084540 0,027097 0,000000
vt -0,000000 0,024822 0,000000
vt 0,084313 0,023201 0,000000
vt -0,000000 0,018616 0,000000
vt 0,084038 0,019383 0,000000
vt 0,083724 0,015444 0,000000
vt -0,000000 0,012411 0,000000
vt 0,083416 0,011618 0,000000
vt 0,083128 0,007738 0,000000
vt -0,000000 0,006205 0,000000
vt 0,082889 0,003805 0,000000
vt -0,000000 0,000000 0,000000
vt 0,082727 0,000000 0,000000
vt -0,473173 0,051238 0,000000
vt -0,477848 0,047245 0,000000
vt -0,467195 0,052673 0,000000
vt -0,480201 0,041565 0,000000
vt -0,479719 0,035436 0,000000
vt -0,476506 0,030194 0,000000
vt -0,092178 0,052673 0,000000
vt -0,082867 0,048816 0,000000
vt -0,085594 0,050909 0,000000
vt -0,397496 -0,048816 0,000000
vt -0,003857 -0,030194 0,000000
vt -0,388185 -0,052673 0,000000
vt -0,013168 -0,052673 0,000000
vt -0,394769 -0,050909 0,000000
vt -0,391593 -0,052225 0,000000
vt -0,007190 -0,051238 0,000000
vt -0,002515 -0,047245 0,000000
vt -0,000162 -0,041565 0,000000
vt -0,000645 -0,035436 0,000000
vt -0,088770 0,052225 0,000000
vt 0,084602 0,055868 0,000000
vt 0,000000 0,055868 0,000000
vt 0,083586 -0,055868 0,000000
vt 0,000000 -0,055868 0,000000
vt -0,082867 0,022480 0,000000
vt -0,013168 -0,079010 0,000000
vt -0,003857 -0,056530 0,000000
vt -0,007190 -0,077575 0,000000
vt -0,002515 -0,073582 0,000000
vt -0,092178 0,026337 0,000000
vt -0,085594 0,024572 0,000000
vt -0,088770 0,025888 0,000000
vt -0,380471 -0,079010 0,000000
vt -0,380471 0,026337 0,000000
vt -0,387055 0,028101 0,000000
vt -0,387055 -0,080774 0,000000
vt -0,391875 0,032921 0,000000
vt -0,391875 -0,085594 0,000000
vt -0,498986 -0,126229 0,000000
vt -0,393640 -0,092178 0,000000
vt -0,495129 -0,135540 0,000000
vt -0,393640 -0,205239 0,000000
vt -0,416119 -0,214550 0,000000
vt -0,395075 -0,211217 0,000000
vt -0,399068 -0,215892 0,000000
vt -0,410877 -0,217763 0,000000
vt -0,404748 -0,218245 0,000000
vt -0,393640 0,039505 0,000000
vt -0,498986 0,205239 0,000000
vt -0,393640 0,126229 0,000000
vt -0,397496 0,135540 0,000000
vt -0,394088 0,129637 0,000000
vt -0,395404 0,132813 0,000000
vt -0,476506 0,214550 0,000000
vt -0,497551 0,211217 0,000000
vt -0,493558 0,215892 0,000000
vt -0,481749 0,217763 0,000000
vt -0,487878 0,218245 0,000000
vt -0,498537 -0,129637 0,000000
vt -0,497222 -0,132813 0,000000
vt -0,000162 -0,067902 0,000000
vt -0,000645 -0,061772 0,000000
vt -0,083140 0,163755 0,000000
vt 0,083140 -0,163755 0,000000
vt -0,007961 0,201924 0,000000
vt 0,170463 -0,119420 0,000000
vt -0,097933 0,000000 0,000000
vt -0,000000 0,000000 0,000000
vt -0,098129 0,004990 0,000000
vt 0,000000 0,006895 0,000000
vt -0,098332 0,010059 0,000000
vt 0,000000 0,013790 0,000000
vt -0,098512 0,015308 0,000000
vt -0,000000 0,020685 0,000000
vt -0,098634 0,020685 0,000000
vt 0,098634 0,056530 0,000000
vt 0,000000 0,056530 0,000000
vt 0,099102 0,018845 0,000000
vt 0,000000 -0,056530 0,000000
vt 0,099363 -0,018842 0,000000
vt 0,099418 -0,056530 0,000000
vt 0,099418 0,000000 0,000000
vt -0,000000 0,000000 0,000000
vt 0,099435 -0,004126 0,000000
vt -0,000000 -0,006205 0,000000
vt 0,099487 -0,007725 0,000000
vt -0,000000 -0,012411 0,000000
vt 0,099623 -0,013238 0,000000
vt 0,099728 -0,016501 0,000000
vt -0,000000 -0,018616 0,000000
vt 0,099950 -0,022560 0,000000
vt -0,000000 -0,024822 0,000000
vt 0,100099 -0,026658 0,000000
vt 0,000000 -0,031027 0,000000
vt 0,100238 -0,031027 0,000000
vt -0,000000 -0,055868 0,000000
vt -0,000000 0,055868 0,000000
vt -0,100238 -0,055868 0,000000
vt -0,102935 0,055868 0,000000
vt 0,000000 -0,000000 0,000000
vt -0,000000 -0,003447 0,000000
vt 0,102935 -0,000000 0,000000
vt 0,102987 -0,003447 0,000000
vt -0,000000 -0,006895 0,000000
vt 0,103005 -0,006895 0,000000
vt 0,102987 -0,010342 0,000000
vt 0,000000 -0,010342 0,000000
vt -0,102987 -0,165734 0,000000
vt -0,000000 -0,165734 0,000000
vt -0,091295 0,165734 0,000000
vt -0,000000 0,165734 0,000000
vt 0,091295 -0,000000 0,000000
vt 0,000000 -0,000000 0,000000
vt 0,091028 -0,004136 0,000000
vt -0,000000 -0,006205 0,000000
vt 0,090778 -0,007740 0,000000
vt -0,000000 -0,012411 0,000000
vt 0,090411 -0,013258 0,000000
vt 0,090226 -0,016522 0,000000
vt -0,000000 -0,018616 0,000000
vt 0,089991 -0,022580 0,000000
vt -0,000000 -0,024822 0,000000
vt 0,089933 -0,026671 0,000000
vt -0,000000 -0,031027 0,000000
vt 0,089967 -0,031027 0,000000
vt 0,000000 0,055868 0,000000
vt 0,000000 -0,055868 0,000000
vt 0,089967 0,055868 0,000000
vt 0,091544 -0,055868 0,000000
vt -0,000000 0,000000 0,000000
vt -0,000000 -0,003447 0,000000
vt 0,091544 0,000000 0,000000
vt 0,091602 -0,003449 0,000000
vt -0,000000 -0,006895 0,000000
vt 0,091707 -0,006896 0,000000
vt -0,000000 -0,010342 0,000000
vt 0,091851 -0,010342 0,000000
vt 0,091851 0,043362 0,000000
vt 0,000000 0,043362 0,000000
vt 0,093146 0,014459 0,000000
vt 0,000000 -0,043362 0,000000
vt 0,094320 -0,014449 0,000000
vt 0,095374 -0,043362 0,000000
vt -0,095374 0,000000 0,000000
vt -0,000000 -0,000000 0,000000
vt -0,095504 0,004923 0,000000
vt 0,000000 0,006895 0,000000
vt -0,095545 0,010824 0,000000
vt 0,000000 0,013790 0,000000
vt -0,095507 0,014355 0,000000
vt -0,000000 0,020685 0,000000
vt -0,095334 0,020685 0,000000
vt -0,150261 -0,085371 0,000000
vt -0,065256 -0,128530 0,000000
vt -0,010381 0,166931 0,000000
vt 0,065256 0,128530 0,000000
vt 0,084827 -0,000000 0,000000
vt -0,000000 -0,000000 0,000000
vt 0,084716 -0,003447 0,000000
vt -0,000000 -0,003447 0,000000
vt 0,084640 -0,006894 0,000000
vt -0,000000 -0,006895 0,000000
vt 0,084602 -0,010342 0,000000
vt -0,000000 -0,010342 0,000000
vt -0,087085 0,000000 0,000000
vt -0,000000 0,000000 0,000000
vt -0,086922 0,005199 0,000000
vt -0,000000 0,006895 0,000000
vt -0,086831 0,010341 0,000000
vt -0,000000 0,013790 0,000000
vt -0,086822 0,015542 0,000000
vt -0,000000 0,020685 0,000000
vt -0,086895 0,020685 0,000000
vt -0,086895 -0,056530 0,000000
vt -0,000000 -0,056530 0,000000
vt -0,087612 -0,018846 0,000000
vt -0,000000 0,056530 0,000000
vt -0,088136 0,018841 0,000000
vt -0,088468 0,056530 0,000000
vt 0,088468 -0,000000 0,000000
vt 0,000000 -0,000000 0,000000
vt 0,088468 -0,004126 0,000000
vt 0,000000 -0,006205 0,000000
vt 0,088428 -0,007724 0,000000
vt 0,000000 -0,012411 0,000000
vt 0,088301 -0,013232 0,000000
vt 0,088198 -0,016493 0,000000
vt 0,000000 -0,018616 0,000000
vt 0,087977 -0,022555 0,000000
vt 0,000000 -0,024822 0,000000
vt 0,087826 -0,026656 0,000000
vt 0,000000 -0,031027 0,000000
vt 0,087682 -0,031027 0,000000
vt 0,087682 0,055868 0,000000
vt 0,000000 0,055868 0,000000
vt 0,083938 -0,055868 0,000000
vt 0,000000 -0,055868 0,000000
vt 0,083938 0,000000 0,000000
vt -0,000000 0,000000 0,000000
vt 0,083818 -0,003447 0,000000
vt -0,000000 -0,003447 0,000000
vt 0,083718 -0,006894 0,000000
vt -0,000000 -0,006895 0,000000
vt 0,083646 -0,010342 0,000000
vt -0,000000 -0,010342 0,000000
vt 0,083646 0,069699 0,000000
vt 0,000000 0,069699 0,000000
vt 0,082736 0,023226 0,000000
vt 0,081541 -0,023240 0,000000
vt 0,000000 -0,069699 0,000000
vt 0,080062 -0,069699 0,000000
vt 0,080062 0,000000 0,000000
vt -0,000000 0,000000 0,000000
vt 0,079921 -0,005128 0,000000
vt -0,000000 -0,006895 0,000000
vt 0,079870 -0,010342 0,000000
vt -0,000000 -0,013790 0,000000
vt 0,079920 -0,015471 0,000000
vt -0,000000 -0,020685 0,000000
vt 0,080066 -0,020685 0,000000
vt -0,013814 0,204069 0,000000
vt -0,085205 0,167823 0,000000
vt 0,032432 0,120583 0,000000
vt 0,078262 0,037835 0,000000
vt 0,085205 -0,167823 0,000000
vt 0,123676 -0,044174 0,000000
vt 0,168675 -0,125444 0,000000
vt 0,000000 -0,000000 0,000000
vt 0,000000 -0,003447 0,000000
vt 0,093611 -0,000000 0,000000
vt 0,093752 -0,003449 0,000000
vt 0,000000 -0,006895 0,000000
vt 0,093918 -0,006896 0,000000
vt 0,000000 -0,010342 0,000000
vt 0,094100 -0,010342 0,000000
vt -0,000000 -0,069037 0,000000
vt -0,000000 0,069037 0,000000
vt -0,094100 -0,069037 0,000000
vt -0,100886 0,069037 0,000000
vt 0,000000 -0,000000 0,000000
vt 0,000000 -0,003447 0,000000
vt 0,100886 -0,000000 0,000000
vt 0,101034 -0,003447 0,000000
vt 0,000000 -0,006895 0,000000
vt 0,101164 -0,006894 0,000000
vt 0,000000 -0,010342 0,000000
vt 0,101267 -0,010342 0,000000
vt -0,101267 -0,060387 0,000000
vt -0,000000 -0,060387 0,000000
vt -0,102152 -0,020133 0,000000
vt -0,000000 0,060387 0,000000
vt -0,102795 0,020125 0,000000
vt -0,103195 0,060387 0,000000
vt 0,103195 -0,000000 0,000000
vt 0,000000 -0,000000 0,000000
vt 0,103198 -0,004126 0,000000
vt 0,000000 -0,006205 0,000000
vt 0,103158 -0,007847 0,000000
vt 0,000000 -0,012411 0,000000
vt 0,103029 -0,013464 0,000000
vt 0,102933 -0,016473 0,000000
vt 0,000000 -0,018616 0,000000
vt 0,102830 -0,019405 0,000000
vt 0,000000 -0,024822 0,000000
vt 0,102625 -0,024877 0,000000
vt 0,000000 -0,031027 0,000000
vt 0,102415 -0,031027 0,000000
vt 0,102415 0,055868 0,000000
vt 0,000000 0,055868 0,000000
vt 0,098588 -0,055868 0,000000
vt -0,000000 -0,055868 0,000000
vt 0,098588 0,000000 0,000000
vt -0,000000 0,000000 0,000000
vt 0,098464 -0,003447 0,000000
vt -0,000000 -0,003447 0,000000
vt 0,098360 -0,006894 0,000000
vt -0,000000 -0,006895 0,000000
vt 0,098282 -0,010342 0,000000
vt -0,000000 -0,010342 0,000000
vt 0,098282 0,017025 0,000000
vt 0,000000 0,017025 0,000000
vt 0,097576 -0,017025 0,000000
vt 0,000000 -0,017025 0,000000
vt -0,097576 0,000000 0,000000
vt -0,000000 0,000000 0,000000
vt -0,097427 0,004991 0,000000
vt -0,000000 0,006895 0,000000
vt -0,097224 0,010065 0,000000
vt -0,000000 0,013790 0,000000
vt -0,096993 0,015314 0,000000
vt -0,000000 0,020685 0,000000
vt -0,096774 0,020685 0,000000
vt -0,017884 -0,035225 0,000000
vt 0,017884 0,035225 0,000000
vt -0,104174 0,008585 0,000000
vt -0,065816 0,077720 0,000000
vt -0,093869 0,000000 0,000000
vt -0,000000 0,000000 0,000000
vt -0,093724 0,004577 0,000000
vt -0,000000 0,006895 0,000000
vt -0,093623 0,010074 0,000000
vt -0,000000 0,013790 0,000000
vt -0,093615 0,015321 0,000000
vt -0,000000 0,020685 0,000000
vt -0,093695 0,020685 0,000000
vt -0,093695 -0,030194 0,000000
vt -0,000000 -0,030194 0,000000
vt -0,094120 -0,010066 0,000000
vt -0,000000 0,030194 0,000000
vt -0,094489 0,010064 0,000000
vt -0,094799 0,030194 0,000000
vt 0,094799 -0,000000 0,000000
vt -0,000000 -0,000000 0,000000
vt 0,094831 -0,004097 0,000000
vt -0,000000 -0,006205 0,000000
vt 0,094821 -0,007225 0,000000
vt 0,094761 -0,011361 0,000000
vt -0,000000 -0,012411 0,000000
vt 0,094660 -0,015412 0,000000
vt -0,000000 -0,018616 0,000000
vt 0,094531 -0,019350 0,000000
vt 0,094367 -0,023696 0,000000
vt -0,000000 -0,024822 0,000000
vt 0,094216 -0,027580 0,000000
vt -0,000000 -0,031027 0,000000
vt 0,094088 -0,031027 0,000000
vt 0,094088 0,055868 0,000000
vt 0,000000 0,055868 0,000000
vt 0,089742 -0,055868 0,000000
vt 0,000000 -0,055868 0,000000
vt -0,089742 0,000000 0,000000
vt 0,000000 -0,000000 0,000000
vt -0,089592 0,003447 0,000000
vt 0,000000 0,003447 0,000000
vt -0,089444 0,006895 0,000000
vt 0,000000 0,006895 0,000000
vt -0,089308 0,010342 0,000000
vt 0,000000 0,010342 0,000000
vt -0,013669 -0,026922 0,000000
vt 0,013669 0,026922 0,000000
vt -0,093301 0,013508 0,000000
vt -0,063981 0,066346 0,000000
vt -0,178902 -0,017025 0,000000
vt -0,013168 -0,122372 0,000000
vt -0,118515 -0,017025 0,000000
vt -0,000000 -0,109204 0,000000
vt -0,111931 -0,015261 0,000000
vt -0,107111 -0,010441 0,000000
vt -0,000000 0,030194 0,000000
vt -0,105347 -0,003857 0,000000
vt -0,003857 0,039505 0,000000
vt -0,105347 0,109204 0,000000
vt -0,082867 0,118515 0,000000
vt -0,103911 0,115182 0,000000
vt -0,099918 0,119857 0,000000
vt -0,088109 0,121727 0,000000
vt -0,094238 0,122210 0,000000
vt -0,389595 -0,122372 0,000000
vt -0,182310 -0,016577 0,000000
vt -0,302872 -0,017025 0,000000
vt -0,296287 -0,015261 0,000000
vt -0,185486 -0,015261 0,000000
vt -0,188214 -0,013168 0,000000
vt -0,267224 0,065842 0,000000
vt -0,289703 0,056530 0,000000
vt -0,289703 -0,003857 0,000000
vt -0,291468 -0,010441 0,000000
vt -0,272466 0,069054 0,000000
vt -0,284275 0,067184 0,000000
vt -0,288268 0,062509 0,000000
vt -0,278595 0,069536 0,000000
vt -0,398907 -0,118515 0,000000
vt -0,381882 -0,017025 0,000000
vt -0,496540 -0,020882 0,000000
vt -0,388466 -0,015261 0,000000
vt -0,393286 -0,010441 0,000000
vt -0,395050 -0,003857 0,000000
vt -0,500397 -0,011571 0,000000
vt -0,499948 -0,014979 0,000000
vt -0,498632 -0,018155 0,000000
vt -0,395050 0,030194 0,000000
vt -0,398907 0,039505 0,000000
vt -0,500397 0,109204 0,000000
vt -0,477917 0,118515 0,000000
vt -0,498961 0,115182 0,000000
vt -0,494968 0,119857 0,000000
vt -0,483159 0,121727 0,000000
vt -0,489288 0,122210 0,000000
vt -0,395499 0,033602 0,000000
vt -0,396814 0,036778 0,000000
vt -0,396180 -0,120608 0,000000
vt -0,393004 -0,121923 0,000000
vt -0,006584 -0,120608 0,000000
vt -0,001764 -0,115788 0,000000
vt -0,000449 0,033602 0,000000
vt -0,001764 0,036778 0,000000
vt -0,126000 0,232847 0,000000
vt -0,646000 0,232847 0,000000
vt -0,126000 -0,000000 0,000000
vt -0,646000 -0,000000 0,000000
vt -0,126000 -0,232847 0,000000
vt -0,646000 -0,232847 0,000000
vt -0,126000 -0,465695 0,000000
vt -0,646000 -0,465695 0,000000
vt -0,126000 -0,698542 0,000000
vt -0,646000 -0,698542 0,000000
vt -0,126000 -0,931390 0,000000
vt -0,646000 -0,931390 0,000000
vt -0,126000 -1,164237 0,000000
vt -0,646000 -1,164237 0,000000
vt -0,126000 -1,397085 0,000000
vt -0,646000 -1,397085 0,000000
vt -0,126000 -1,629932 0,000000
vt -0,646000 -1,629932 0,000000
vt -0,126000 -1,862780 0,000000
vt -0,646000 -1,862780 0,000000
vt -0,126000 -2,095627 0,000000
vt -0,646000 -2,095627 0,000000
vt -0,126000 -2,328475 0,000000
vt -0,646000 -2,328475 0,000000
vt -0,126000 -2,561322 0,000000
vt -0,646000 -2,561322 0,000000
vt -0,126000 -2,794169 0,000000
vt -0,646000 -2,794169 0,000000
vt -0,126000 -3,027017 0,000000
vt -0,646000 -3,027017 0,000000
vt -0,126000 -3,259864 0,000000
vt -0,646000 -3,259864 0,000000
vt -0,126000 -3,492712 0,000000
vt -0,646000 -3,492712 0,000000
vt -0,126000 -3,725559 0,000000
vt -0,646000 -3,725559 0,000000
vt -0,126000 -3,958407 0,000000
vt -0,646000 -3,958407 0,000000
vt -0,126000 3,958407 0,000000
vt -0,646000 3,958407 0,000000
vt -0,126000 3,725559 0,000000
vt -0,646000 3,725559 0,000000
vt -0,126000 3,492712 0,000000
vt -0,646000 3,492712 0,000000
vt -0,126000 3,259864 0,000000
vt -0,646000 3,259864 0,000000
vt -0,126000 3,027017 0,000000
vt -0,646000 3,027017 0,000000
vt -0,126000 2,794169 0,000000
vt -0,646000 2,794169 0,000000
vt -0,126000 2,561322 0,000000
vt -0,646000 2,561322 0,000000
vt -0,126000 2,328475 0,000000
vt -0,646000 2,328475 0,000000
vt -0,126000 2,095627 0,000000
vt -0,646000 2,095627 0,000000
vt -0,126000 1,862780 0,000000
vt -0,646000 1,862780 0,000000
vt -0,126000 1,629932 0,000000
vt -0,646000 1,629932 0,000000
vt -0,126000 1,397085 0,000000
vt -0,646000 1,397085 0,000000
vt -0,126000 1,164237 0,000000
vt -0,646000 1,164237 0,000000
vt -0,126000 0,931390 0,000000
vt -0,646000 0,931390 0,000000
vt -0,126000 0,698542 0,000000
vt -0,646000 0,698542 0,000000
vt -0,126000 0,465695 0,000000
vt -0,646000 0,465695 0,000000
vt -2,206161 -1,898555 0,000000
vt -1,920000 -1,920000 0,000000
vt -1,920000 -1,260000 0,000000
vt -1,633839 -1,898555 0,000000
vt -1,688476 -1,238546 0,000000
vt -1,354070 -1,834700 0,000000
vt -1,464836 -1,174915 0,000000
vt -1,086943 -1,729860 0,000000
vt -1,256695 -1,071274 0,000000
vt -0,838425 -1,586378 0,000000
vt -1,071143 -0,931151 0,000000
vt -0,614068 -1,407460 0,000000
vt -0,418884 -1,197100 0,000000
vt -0,914498 -0,759320 0,000000
vt -0,257231 -0,960000 0,000000
vt -0,792094 -0,561630 0,000000
vt -0,132722 -0,701455 0,000000
vt -0,708100 -0,344815 0,000000
vt -0,048138 -0,427240 0,000000
vt -0,665375 -0,116258 0,000000
vt -0,005369 -0,143482 0,000000
vt -0,665375 0,116258 0,000000
vt -0,005369 0,143482 0,000000
vt -0,048138 0,427240 0,000000
vt -0,708100 0,344815 0,000000
vt -0,132722 0,701455 0,000000
vt -0,792094 0,561630 0,000000
vt -0,257231 0,960000 0,000000
vt -0,914498 0,759320 0,000000
vt -0,418884 1,197100 0,000000
vt -1,071143 0,931151 0,000000
vt -0,614068 1,407460 0,000000
vt -0,838425 1,586378 0,000000
vt -1,256695 1,071274 0,000000
vt -1,086943 1,729860 0,000000
vt -1,464836 1,174915 0,000000
vt -1,354070 1,834700 0,000000
vt -1,688476 1,238546 0,000000
vt -1,633839 1,898555 0,000000
vt -1,920000 1,260000 0,000000
vt -1,920000 1,920000 0,000000
vt -2,206161 1,898555 0,000000
vt -2,151524 1,238546 0,000000
vt -2,485930 1,834700 0,000000
vt -2,375164 1,174915 0,000000
vt -2,753057 1,729860 0,000000
vt -2,583305 1,071274 0,000000
vt -3,001575 1,586378 0,000000
vt -2,768857 0,931151 0,000000
vt -3,225932 1,407460 0,000000
vt -3,421116 1,197100 0,000000
vt -2,925502 0,759320 0,000000
vt -3,582769 0,960000 0,000000
vt -3,047906 0,561630 0,000000
vt -3,707278 0,701455 0,000000
vt -3,131900 0,344815 0,000000
vt -3,791862 0,427240 0,000000
vt -3,174625 0,116258 0,000000
vt -3,834631 0,143482 0,000000
vt -3,834631 -0,143482 0,000000
vt -3,174625 -0,116258 0,000000
vt -3,791862 -0,427240 0,000000
vt -3,131900 -0,344815 0,000000
vt -3,707278 -0,701455 0,000000
vt -3,047906 -0,561630 0,000000
vt -3,582769 -0,960000 0,000000
vt -2,925502 -0,759320 0,000000
vt -3,421116 -1,197100 0,000000
vt -2,768857 -0,931151 0,000000
vt -3,225932 -1,407460 0,000000
vt -3,001575 -1,586378 0,000000
vt -2,583305 -1,071274 0,000000
vt -2,753057 -1,729860 0,000000
vt -2,375164 -1,174915 0,000000
vt -2,485930 -1,834700 0,000000
vt -2,151524 -1,238546 0,000000
vt -0,286161 -3,818555 0,000000
vt -0,000000 -3,840000 0,000000
vt -0,000000 -3,180000 0,000000
vt 0,286161 -3,818555 0,000000
vt 0,231524 -3,158546 0,000000
vt 0,565930 -3,754700 0,000000
vt 0,455164 -3,094915 0,000000
vt 0,833057 -3,649860 0,000000
vt 0,663305 -2,991274 0,000000
vt 1,081575 -3,506378 0,000000
vt 0,848857 -2,851151 0,000000
vt 1,305932 -3,327460 0,000000
vt 1,501116 -3,117100 0,000000
vt 1,005502 -2,679320 0,000000
vt 1,662769 -2,880000 0,000000
vt 1,127906 -2,481630 0,000000
vt 1,787278 -2,621455 0,000000
vt 1,211900 -2,264815 0,000000
vt 1,871862 -2,347240 0,000000
vt 1,254625 -2,036258 0,000000
vt 1,914631 -2,063482 0,000000
vt 1,254625 -1,803742 0,000000
vt 1,914631 -1,776518 0,000000
vt 1,871862 -1,492760 0,000000
vt 1,211900 -1,575185 0,000000
vt 1,787278 -1,218545 0,000000
vt 1,127906 -1,358370 0,000000
vt 1,662769 -0,960000 0,000000
vt 1,005502 -1,160680 0,000000
vt 1,501116 -0,722900 0,000000
vt 0,848857 -0,988849 0,000000
vt 1,305932 -0,512540 0,000000
vt 1,081575 -0,333622 0,000000
vt 0,663305 -0,848726 0,000000
vt 0,833057 -0,190140 0,000000
vt 0,455164 -0,745085 0,000000
vt 0,565930 -0,085300 0,000000
vt 0,231524 -0,681454 0,000000
vt 0,286161 -0,021445 0,000000
vt -0,000000 -0,660000 0,000000
vt 0,000000 0,000000 0,000000
vt -0,286161 -0,021445 0,000000
vt -0,231524 -0,681454 0,000000
vt -0,565930 -0,085300 0,000000
vt -0,455164 -0,745085 0,000000
vt -0,833057 -0,190140 0,000000
vt -0,663305 -0,848726 0,000000
vt -1,081575 -0,333622 0,000000
vt -0,848857 -0,988849 0,000000
vt -1,305932 -0,512540 0,000000
vt -1,501116 -0,722900 0,000000
vt -1,005502 -1,160680 0,000000
vt -1,662769 -0,960000 0,000000
vt -1,127906 -1,358370 0,000000
vt -1,787278 -1,218545 0,000000
vt -1,211900 -1,575185 0,000000
vt -1,871862 -1,492760 0,000000
vt -1,254625 -1,803742 0,000000
vt -1,914631 -1,776518 0,000000
vt -1,914631 -2,063482 0,000000
vt -1,254625 -2,036258 0,000000
vt -1,871862 -2,347240 0,000000
vt -1,211900 -2,264815 0,000000
vt -1,787278 -2,621455 0,000000
vt -1,127906 -2,481630 0,000000
vt -1,662769 -2,880000 0,000000
vt -1,005502 -2,679320 0,000000
vt -1,501116 -3,117100 0,000000
vt -0,848857 -2,851151 0,000000
vt -1,305932 -3,327460 0,000000
vt -1,081575 -3,506378 0,000000
vt -0,663305 -2,991274 0,000000
vt -0,833057 -3,649860 0,000000
vt -0,455164 -3,094915 0,000000
vt -0,565930 -3,754700 0,000000
vt -0,231524 -3,158546 0,000000
vt 0,126000 -0,287231 0,000000
vt 0,646000 -0,287231 0,000000
vt 0,126000 -0,000000 0,000000
vt 0,646000 -0,000000 0,000000
vt 0,126000 0,287231 0,000000
vt 0,646000 0,287231 0,000000
vt 0,126000 0,574463 0,000000
vt 0,646000 0,574463 0,000000
vt 0,126000 0,861694 0,000000
vt 0,646000 0,861694 0,000000
vt 0,126000 1,148925 0,000000
vt 0,646000 1,148925 0,000000
vt 0,126000 1,436157 0,000000
vt 0,646000 1,436157 0,000000
vt 0,126000 1,723388 0,000000
vt 0,646000 1,723388 0,000000
vt 0,126000 2,010619 0,000000
vt 0,646000 2,010619 0,000000
vt 0,126000 2,297851 0,000000
vt 0,646000 2,297851 0,000000
vt 0,126000 2,585082 0,000000
vt 0,646000 2,585082 0,000000
vt 0,126000 2,872313 0,000000
vt 0,646000 2,872313 0,000000
vt 0,126000 3,159545 0,000000
vt 0,646000 3,159545 0,000000
vt 0,126000 3,446776 0,000000
vt 0,646000 3,446776 0,000000
vt 0,126000 3,734007 0,000000
vt 0,646000 3,734007 0,000000
vt 0,126000 4,021239 0,000000
vt 0,646000 4,021239 0,000000
vt 0,126000 4,308470 0,000000
vt 0,646000 4,308470 0,000000
vt 0,126000 4,595701 0,000000
vt 0,646000 4,595701 0,000000
vt 0,126000 4,882933 0,000000
vt 0,646000 4,882933 0,000000
vt 0,126000 5,170164 0,000000
vt 0,646000 5,170164 0,000000
vt 0,126000 5,457395 0,000000
vt 0,646000 5,457395 0,000000
vt 0,126000 5,744627 0,000000
vt 0,646000 5,744627 0,000000
vt 0,126000 6,031858 0,000000
vt 0,646000 6,031858 0,000000
vt 0,126000 -6,031858 0,000000
vt 0,646000 -6,031858 0,000000
vt 0,126000 -5,744627 0,000000
vt 0,646000 -5,744627 0,000000
vt 0,126000 -5,457395 0,000000
vt 0,646000 -5,457395 0,000000
vt 0,126000 -5,170164 0,000000
vt 0,646000 -5,170164 0,000000
vt 0,126000 -4,882933 0,000000
vt 0,646000 -4,882933 0,000000
vt 0,126000 -4,595701 0,000000
vt 0,646000 -4,595701 0,000000
vt 0,126000 -4,308470 0,000000
vt 0,646000 -4,308470 0,000000
vt 0,126000 -4,021239 0,000000
vt 0,646000 -4,021239 0,000000
vt 0,126000 -3,734007 0,000000
vt 0,646000 -3,734007 0,000000
vt 0,126000 -3,446776 0,000000
vt 0,646000 -3,446776 0,000000
vt 0,126000 -3,159545 0,000000
vt 0,646000 -3,159545 0,000000
vt 0,126000 -2,872313 0,000000
vt 0,646000 -2,872313 0,000000
vt 0,126000 -2,585082 0,000000
vt 0,646000 -2,585082 0,000000
vt 0,126000 -2,297851 0,000000
vt 0,646000 -2,297851 0,000000
vt 0,126000 -2,010619 0,000000
vt 0,646000 -2,010619 0,000000
vt 0,126000 -1,723388 0,000000
vt 0,646000 -1,723388 0,000000
vt 0,126000 -1,436157 0,000000
vt 0,646000 -1,436157 0,000000
vt 0,126000 -1,148925 0,000000
vt 0,646000 -1,148925 0,000000
vt 0,126000 -0,861694 0,000000
vt 0,646000 -0,861694 0,000000
vt 0,126000 -0,574463 0,000000
vt 0,646000 -0,574463 0,000000
vn -0,000000 -0,000000 -1,000000
vn -0,000000 -0,000000 -1,000000
vn -0,000000 -0,000000 -1,000000
vn -0,000000 -0,000000 -1,000000
vn -0,000000 -0,000000 -1,000000
vn -0,000000 -0,000000 -1,000000
vn -0,000000 -0,000000 -1,000000
vn -0,000000 -0,000000 -1,000000
vn -0,000000 -0,000000 -1,000000
vn -0,000000 -0,000000 -1,000000
vn -0,000000 -0,000000 -1,000000
vn -0,000000 -0,000000 -1,000000
vn -0,000000 -0,000000 -1,000000
vn -0,000000 -0,000000 -1,000000
vn -0,000000 -0,000000 -1,000000
vn -0,000000 -0,000000 -1,000000
vn -0,000000 -0,000000 -1,000000
vn -0,000000 -0,000000 -1,000000
vn -0,000000 -0,000000 -1,000000
vn -0,000000 -0,000000 -1,000000
vn -0,000000 -0,000000 -1,000000
vn -0,000000 -0,000000 -1,000000
vn -0,000000 -0,000000 -1,000000
vn -0,000000 -0,000000 -1,000000
vn -0,000000 -0,000000 -1,000000
vn -0,000000 -0,000000 -1,000000
vn -0,000000 -0,000000 -1,000000
vn -0,000000 -0,000000 -1,000000
vn -0,000000 -0,000000 -1,000000
vn -0,000000 -0,000000 -1,000000
vn -0,000000 -0,000000 -1,000000
vn -0,000000 -0,000000 -1,000000
vn -0,000000 -0,000000 -1,000000
vn -0,000000 -0,000000 -1,000000
vn -0,000000 -0,000000 -1,000000
vn -0,000000 -0,000000 -1,000000
vn -0,000000 -0,000000 -1,000000
vn -0,000000 -0,000000 -1,000000
vn -0,000000 -0,000000 -1,000000
vn -0,000000 -0,000000 -1,000000
vn -0,000000 -0,000000 -1,000000
vn -0,000000 -0,000000 -1,000000
vn -0,000000 -0,000000 -1,000000
vn -0,000000 -0,000000 -1,000000
vn -0,000000 -0,000000 -1,000000
vn -0,000000 -0,000000 -1,000000
vn -0,000000 -0,000000 -1,000000
vn -0,000000 -0,000000 -1,000000
vn -0,000000 -0,000000 -1,000000
vn -0,000000 -0,000000 -1,000000
vn -0,000000 -0,000000 -1,000000
vn -0,000000 -0,000000 -1,000000
vn -0,000000 -0,000000 -1,000000
vn -0,000000 -0,000000 -1,000000
vn -0,000000 -0,000000 -1,000000
vn -0,000000 -0,000000 -1,000000
vn -0,000000 -0,000000 -1,000000
vn -0,000000 -0,000000 -1,000000
vn -0,000000 -0,000000 -1,000000
vn -0,000000 -0,000000 -1,000000
vn -0,000000 -0,000000 -1,000000
vn -0,630499 -0,707107 0,320111
vn -0,630499 -0,707107 0,320111
vn -0,786416 -0,471310 0,399272
vn -0,848019 -0,309017 0,430548
vn -0,875272 -0,190841 0,444385
vn -0,880682 0,156434 0,447132
vn -0,887492 0,096579 0,450589
vn -0,823095 0,384551 0,417894
vn -0,721368 0,587785 0,366246
vn -0,687318 0,637041 0,348959
vn -0,496377 0,830721 0,252016
vn -0,404805 0,891007 0,205524
vn -0,255988 0,957903 0,129968
vn -0,000000 1,000000 0,000000
vn -0,000000 1,000000 0,000000
vn -0,049934 0,483069 0,874157
vn -0,031115 0,484645 0,874157
vn -0,000000 0,485643 0,874157
vn 0,031115 0,484645 0,874157
vn 0,049934 0,483069 0,874157
vn 0,092835 0,476687 0,874157
vn 0,099339 0,475374 0,874157
vn 0,153030 0,460902 0,874157
vn 0,147691 0,462641 0,874157
vn 0,194478 0,445003 0,874157
vn 0,210713 0,437549 0,874157
vn 0,239202 0,422648 0,874157
vn 0,264935 0,407012 0,874157
vn 0,281392 0,395813 0,874157
vn 0,314808 0,369791 0,874157
vn 0,320598 0,364782 0,874157
vn 0,359511 0,326498 0,874157
vn 0,356406 0,329884 0,874157
vn 0,388436 0,291490 0,874157
vn 0,398311 0,277844 0,874157
vn 0,416349 0,250005 0,874157
vn 0,430571 0,224628 0,874157
vn 0,439848 0,205871 0,874157
vn 0,455761 0,167724 0,874157
vn 0,458685 0,159554 0,874157
vn 0,473467 0,108066 0,874157
vn 0,472659 0,111546 0,874157
vn 0,479757 0,075381 0,874157
vn 0,480771 0,068620 0,874157
vn -0,092835 0,476687 0,874157
vn -0,099339 0,475374 0,874157
vn -0,153030 0,460902 0,874157
vn -0,147691 0,462641 0,874157
vn -0,194478 0,445003 0,874157
vn -0,210713 0,437549 0,874157
vn -0,239202 0,422648 0,874157
vn -0,264935 0,407012 0,874157
vn -0,281392 0,395813 0,874157
vn -0,314808 0,369791 0,874157
vn -0,320598 0,364782 0,874157
vn -0,359511 0,326498 0,874157
vn -0,356406 0,329884 0,874157
vn -0,388436 0,291490 0,874157
vn -0,398311 0,277844 0,874157
vn -0,416349 0,250005 0,874157
vn -0,430571 0,224628 0,874157
vn -0,439848 0,205871 0,874157
vn -0,455761 0,167724 0,874157
vn -0,458685 0,159554 0,874157
vn -0,473467 0,108066 0,874157
vn -0,472659 0,111546 0,874157
vn -0,481623 0,062356 0,874157
vn -0,483399 0,046633 0,874157
vn -0,485482 0,012504 0,874157
vn -0,485393 -0,015566 0,874157
vn -0,484195 -0,037480 0,874157
vn -0,479418 -0,077509 0,874157
vn -0,477775 -0,087066 0,874157
vn -0,465570 -0,138179 0,874157
vn -0,466290 -0,135730 0,874157
vn -0,449863 -0,182955 0,874157
vn -0,444078 -0,196580 0,874157
vn -0,428667 -0,228241 0,874157
vn -0,415294 -0,251754 0,874157
vn -0,402927 -0,271107 0,874157
vn -0,379691 -0,302793 0,874157
vn -0,372916 -0,311100 0,874157
vn -0,337853 -0,348861 0,874157
vn -0,338952 -0,347794 0,874157
vn -0,301395 -0,380802 0,874157
vn -0,290468 -0,389201 0,874157
vn -0,260643 -0,409774 0,874157
vn -0,238314 -0,423150 0,874157
vn -0,217128 -0,434401 0,874157
vn -0,182246 -0,450151 0,874157
vn -0,171312 -0,454424 0,874157
vn -0,123186 -0,469760 0,874157
vn -0,123679 -0,469630 0,874157
vn -0,074736 -0,479858 0,874157
vn -0,062103 -0,481656 0,874157
vn -0,025000 -0,484999 0,874157
vn 0,000000 -0,485643 0,874157
vn 0,025000 -0,484999 0,874157
vn 0,062103 -0,481656 0,874157
vn 0,074736 -0,479858 0,874157
vn 0,123186 -0,469760 0,874157
vn 0,123679 -0,469630 0,874157
vn 0,171312 -0,454424 0,874157
vn 0,182246 -0,450151 0,874157
vn 0,217128 -0,434401 0,874157
vn 0,238314 -0,423150 0,874157
vn 0,260643 -0,409774 0,874157
vn 0,290468 -0,389201 0,874157
vn 0,301395 -0,380802 0,874157
vn 0,337853 -0,348861 0,874157
vn 0,338952 -0,347794 0,874157
vn 0,372916 -0,311100 0,874157
vn 0,379691 -0,302793 0,874157
vn 0,402927 -0,271107 0,874157
vn 0,415294 -0,251754 0,874157
vn 0,428667 -0,228241 0,874157
vn 0,444078 -0,196580 0,874157
vn 0,449863 -0,182955 0,874157
vn 0,465570 -0,138179 0,874157
vn 0,466290 -0,135730 0,874157
vn 0,477775 -0,087066 0,874157
vn 0,479418 -0,077509 0,874157
vn 0,484195 -0,037480 0,874157
vn 0,483969 -0,040292 0,874157
vn 0,484047 -0,039340 0,874157
vn 0,484121 -0,038424 0,874157
vn 0,484190 -0,037541 0,874157
vn 0,484255 -0,036691 0,874157
vn 0,484268 -0,036513 0,874157
vn 0,484299 -0,036104 0,874157
vn 0,484343 -0,035514 0,874157
vn 0,484391 -0,034850 0,874157
vn 0,484791 -0,028749 0,874157
vn 0,485115 -0,022637 0,874157
vn 0,485362 -0,016515 0,874157
vn 0,485377 -0,016067 0,874157
vn 0,485482 0,012504 0,874157
vn 0,485391 -0,015653 0,874157
vn 0,485402 -0,015301 0,874157
vn 0,485618 -0,004963 0,874157
vn 0,485621 -0,004627 0,874157
vn 0,485622 -0,004469 0,874157
vn 0,485625 0,004189 0,874157
vn 0,485641 -0,001300 0,874157
vn 0,481623 0,062356 0,874157
vn 0,484732 0,029725 0,874157
vn 0,484751 0,029425 0,874157
vn 0,485292 0,018462 0,874157
vn 0,480787 0,068505 0,874157
vn 0,480819 0,068279 0,874157
vn 0,483399 0,046633 0,874157
vn 0,479902 0,074453 0,874157
vn 0,479834 0,074887 0,874157
vn 0,479784 0,075206 0,874157
vn 0,485393 -0,015566 0,874157
vn 0,485529 0,010497 0,874157
vn 0,481947 0,059797 0,874157
vn 0,481874 0,060385 0,874157
vn 0,484007 -0,039832 0,874157
vn 0,484928 -0,026347 0,874157
vn 0,484949 -0,025955 0,874157
vn 0,485134 -0,022222 0,874157
vn 0,485165 -0,021540 0,874157
vn 0,485085 -0,023266 0,874157
vn 0,485364 -0,016447 0,874157
vn 0,485479 -0,012615 0,874157
vn 0,485510 -0,011350 0,874157
vn 0,485486 -0,012329 0,874157
vn 0,485491 -0,012140 0,874157
vn 0,485492 -0,012115 0,874157
vn 0,485603 -0,006250 0,874157
vn 0,485612 -0,005488 0,874157
vn 0,485609 -0,005700 0,874157
vn 0,485614 -0,005261 0,874157
vn 0,485617 -0,005020 0,874157
vn 0,485620 -0,004739 0,874157
vn 0,485618 -0,004937 0,874157
vn 0,485632 -0,003212 0,874157
vn 0,485633 -0,003040 0,874157
vn 0,485622 -0,004547 0,874157
vn 0,485633 -0,003130 0,874157
vn 0,485634 -0,002924 0,874157
vn 0,485637 -0,002364 0,874157
vn 0,485639 -0,001892 0,874157
vn 0,483971 -0,040262 0,874157
vn 0,483984 -0,040106 0,874157
vn 0,484974 -0,025490 0,874157
vn 0,485000 -0,024984 0,874157
vn 0,485272 -0,018968 0,874157
vn 0,485470 -0,012945 0,874157
vn 0,485594 -0,006916 0,874157
vn 0,485602 -0,006307 0,874157
vn 0,485608 -0,005806 0,874157
vn 0,485615 -0,005224 0,874157
vn 0,485617 -0,005032 0,874157
vn 0,485636 -0,002672 0,874157
vn 0,485558 0,009093 0,874157
vn 0,485349 -0,016887 0,874157
vn 0,485480 -0,012575 0,874157
vn 0,485488 -0,012264 0,874157
vn 0,485336 -0,017275 0,874157
vn 0,485350 -0,016856 0,874157
vn 0,485441 -0,014007 0,874157
vn 0,485457 -0,013434 0,874157
vn 0,485319 -0,017731 0,874157
vn 0,485301 -0,018225 0,874157
vn 0,485243 -0,019705 0,874157
vn 0,485090 -0,023174 0,874157
vn 0,485119 -0,022552 0,874157
vn 0,485084 -0,023296 0,874157
vn 0,485054 -0,023919 0,874157
vn 0,485056 -0,023876 0,874157
vn 0,485032 -0,024356 0,874157
vn 0,485026 -0,024474 0,874157
vn 0,485025 -0,024495 0,874157
vn 0,484999 -0,025000 0,874157
vn 0,485005 -0,024878 0,874157
vn 0,485468 -0,013027 0,874157
vn 0,485072 -0,023539 0,874157
vn 0,485062 -0,023743 0,874157
vn 0,485079 -0,023393 0,874157
vn 0,485087 -0,023227 0,874157
vn 0,485064 -0,023701 0,874157
vn 0,485107 -0,022818 0,874157
vn 0,485345 0,017020 0,874157
vn 0,485382 0,015919 0,874157
vn 0,485395 0,015530 0,874157
vn 0,485406 0,015163 0,874157
vn 0,485546 0,009678 0,874157
vn 0,485349 0,016906 0,874157
vn 0,485362 0,016529 0,874157
vn 0,485550 0,009506 0,874157
vn 0,485540 0,009985 0,874157
vn 0,481817 0,060836 0,874157
vn 0,481754 0,061334 0,874157
vn 0,480154 0,072810 0,874157
vn 0,480230 0,072309 0,874157
vn 0,481734 0,061489 0,874157
vn 0,481737 0,061467 0,874157
vn 0,481977 0,059556 0,874157
vn 0,481768 0,061228 0,874157
vn 0,481822 0,060803 0,874157
vn 0,483245 0,048202 0,874157
vn 0,482063 0,058861 0,874157
vn 0,482049 0,058977 0,874157
vn 0,482019 0,059214 0,874157
vn 0,483287 0,047782 0,874157
vn 0,482668 0,053672 0,874157
vn 0,482671 0,053648 0,874157
vn 0,483333 0,047308 0,874157
vn 0,483382 0,046812 0,874157
vn 0,483767 0,042644 0,874157
vn 0,484117 0,038467 0,874157
vn 0,484715 0,030010 0,874157
vn 0,482649 0,053844 0,874157
vn 0,482615 0,054143 0,874157
vn 0,482570 0,054545 0,874157
vn 0,482515 0,055027 0,874157
vn 0,482459 0,055522 0,874157
vn 0,482401 0,056017 0,874157
vn 0,482350 0,056456 0,874157
vn 0,480864 0,067960 0,874157
vn 0,484431 0,034283 0,874157
vn 0,484570 0,032265 0,874157
vn 0,484481 0,033579 0,874157
vn 0,484531 0,032850 0,874157
vn 0,484552 0,032532 0,874157
vn 0,484720 0,029925 0,874157
vn 0,485308 0,018042 0,874157
vn 0,485326 0,017550 0,874157
vn 0,485344 0,017050 0,874157
vn 0,485361 0,016554 0,874157
vn 0,485375 0,016123 0,874157
vn 0,485386 0,015797 0,874157
vn 0,485393 0,015589 0,874157
vn 0,480069 0,073366 0,874157
vn 0,479984 0,073921 0,874157
vn 0,479758 0,075376 0,874157
vn -0,102821 0,994700 -0,000000
vn -0,102821 0,994700 -0,000000
vn -0,000000 1,000000 -0,000000
vn -0,000000 1,000000 -0,000000
vn 0,102821 0,994700 0,000000
vn 0,102821 0,994700 0,000000
vn 0,204552 0,978856 0,000000
vn 0,204552 0,978856 0,000000
vn 0,304115 0,952635 0,000000
vn 0,304115 0,952635 0,000000
vn 0,400454 0,916317 0,000000
vn 0,400454 0,916317 0,000000
vn 0,492548 0,870285 0,000000
vn 0,492548 0,870285 0,000000
vn 0,579421 0,815028 0,000000
vn 0,579421 0,815028 0,000000
vn 0,660152 0,751132 0,000000
vn 0,660152 0,751132 0,000000
vn 0,733885 0,679273 0,000000
vn 0,733885 0,679273 0,000000
vn 0,799839 0,600214 0,000000
vn 0,799839 0,600214 0,000000
vn 0,857315 0,514793 0,000000
vn 0,857315 0,514793 0,000000
vn 0,905702 0,423914 0,000000
vn 0,905702 0,423914 0,000000
vn 0,944489 0,328542 0,000000
vn 0,944489 0,328542 0,000000
vn 0,973264 0,229688 0,000000
vn 0,973264 0,229688 0,000000
vn 0,991723 0,128398 0,000000
vn 0,991723 0,128398 0,000000
vn 0,999668 0,025748 0,000000
vn 0,999668 0,025748 0,000000
vn 0,997018 -0,077175 -0,000000
vn 0,997018 -0,077175 -0,000000
vn 0,983798 -0,179281 -0,000000
vn 0,983798 -0,179281 -0,000000
vn 0,960150 -0,279486 -0,000000
vn 0,960150 -0,279486 -0,000000
vn 0,926324 -0,376728 -0,000000
vn 0,926324 -0,376728 -0,000000
vn 0,882679 -0,469977 -0,000000
vn 0,882679 -0,469977 -0,000000
vn 0,829677 -0,558244 -0,000000
vn 0,829677 -0,558244 -0,000000
vn 0,767880 -0,640593 -0,000000
vn 0,767880 -0,640593 -0,000000
vn 0,697944 -0,716152 -0,000000
vn 0,697944 -0,716152 -0,000000
vn 0,620609 -0,784120 -0,000000
vn 0,620609 -0,784120 -0,000000
vn 0,536696 -0,843776 -0,000000
vn 0,536696 -0,843776 -0,000000
vn 0,447094 -0,894487 -0,000000
vn 0,447094 -0,894487 -0,000000
vn 0,352752 -0,935717 -0,000000
vn 0,352752 -0,935717 -0,000000
vn 0,254671 -0,967028 -0,000000
vn 0,254671 -0,967028 -0,000000
vn 0,153891 -0,988088 -0,000000
vn 0,153891 -0,988088 -0,000000
vn 0,051479 -0,998674 -0,000000
vn 0,051479 -0,998674 -0,000000
vn -0,051479 -0,998674 -0,000000
vn -0,051479 -0,998674 -0,000000
vn -0,153891 -0,988088 -0,000000
vn -0,153891 -0,988088 -0,000000
vn -0,254671 -0,967028 -0,000000
vn -0,254671 -0,967028 -0,000000
vn -0,352752 -0,935717 -0,000000
vn -0,352752 -0,935717 -0,000000
vn -0,447094 -0,894487 -0,000000
vn -0,447094 -0,894487 -0,000000
vn -0,536696 -0,843776 -0,000000
vn -0,536696 -0,843776 -0,000000
vn -0,620609 -0,784120 -0,000000
vn -0,620609 -0,784120 -0,000000
vn -0,697944 -0,716152 -0,000000
vn -0,697944 -0,716152 -0,000000
vn -0,767880 -0,640593 -0,000000
vn -0,767880 -0,640593 -0,000000
vn -0,829677 -0,558244 -0,000000
vn -0,829677 -0,558244 -0,000000
vn -0,882679 -0,469977 -0,000000
vn -0,882679 -0,469977 -0,000000
vn -0,926324 -0,376728 -0,000000
vn -0,926324 -0,376728 -0,000000
vn -0,960150 -0,279486 -0,000000
vn -0,960150 -0,279486 -0,000000
vn -0,983798 -0,179281 -0,000000
vn -0,983798 -0,179281 -0,000000
vn -0,997018 -0,077175 -0,000000
vn -0,997018 -0,077175 -0,000000
vn -0,999668 0,025748 -0,000000
vn -0,999668 0,025748 -0,000000
vn -0,991723 0,128398 -0,000000
vn -0,991723 0,128398 -0,000000
vn -0,973264 0,229688 -0,000000
vn -0,973264 0,229688 -0,000000
vn -0,944489 0,328542 -0,000000
vn -0,944489 0,328542 -0,000000
vn -0,905702 0,423914 -0,000000
vn -0,905702 0,423914 -0,000000
vn -0,857315 0,514793 -0,000000
vn -0,857315 0,514793 -0,000000
vn -0,799839 0,600214 -0,000000
vn -0,799839 0,600214 -0,000000
vn -0,733885 0,679273 -0,000000
vn -0,733885 0,679273 -0,000000
vn -0,660152 0,751132 -0,000000
vn -0,660152 0,751132 -0,000000
vn -0,579421 0,815028 -0,000000
vn -0,579421 0,815028 -0,000000
vn -0,492548 0,870285 -0,000000
vn -0,492548 0,870285 -0,000000
vn -0,400454 0,916317 -0,000000
vn -0,400454 0,916317 -0,000000
vn -0,304115 0,952635 -0,000000
vn -0,304115 0,952635 -0,000000
vn -0,204552 0,978856 -0,000000
vn -0,204552 0,978856 -0,000000
vn -0,127877 -0,991790 -0,000000
vn 0,000000 -1,000000 -0,000000
vn 0,000000 -1,000000 -0,000000
vn 0,127877 -0,991790 -0,000000
vn 0,127877 -0,991790 -0,000000
vn 0,253655 -0,967295 -0,000000
vn 0,253655 -0,967295 -0,000000
vn 0,375267 -0,926917 -0,000000
vn 0,375267 -0,926917 -0,000000
vn 0,490718 -0,871319 -0,000000
vn 0,490718 -0,871319 -0,000000
vn 0,598111 -0,801414 -0,000000
vn 0,598111 -0,801414 -0,000000
vn 0,695683 -0,718349 -0,000000
vn 0,695683 -0,718349 -0,000000
vn 0,781831 -0,623490 -0,000000
vn 0,781831 -0,623490 -0,000000
vn 0,855143 -0,518393 -0,000000
vn 0,855143 -0,518393 -0,000000
vn 0,914413 -0,404783 -0,000000
vn 0,914413 -0,404783 -0,000000
vn 0,958668 -0,284528 -0,000000
vn 0,958668 -0,284528 -0,000000
vn 0,987182 -0,159600 -0,000000
vn 0,987182 -0,159600 -0,000000
vn 0,999486 -0,032052 -0,000000
vn 0,999486 -0,032052 -0,000000
vn 0,995379 0,096023 0,000000
vn 0,995379 0,096023 0,000000
vn 0,974928 0,222521 0,000000
vn 0,974928 0,222521 0,000000
vn 0,938468 0,345365 0,000000
vn 0,938468 0,345365 0,000000
vn 0,886599 0,462538 0,000000
vn 0,886599 0,462538 0,000000
vn 0,820172 0,572117 0,000000
vn 0,820172 0,572117 0,000000
vn 0,740278 0,672301 0,000000
vn 0,740278 0,672301 0,000000
vn 0,648228 0,761446 0,000000
vn 0,648228 0,761446 0,000000
vn 0,545535 0,838088 0,000000
vn 0,545535 0,838088 0,000000
vn 0,433884 0,900969 0,000000
vn 0,433884 0,900969 0,000000
vn 0,315108 0,949056 0,000000
vn 0,315108 0,949056 0,000000
vn 0,191159 0,981559 0,000000
vn 0,191159 0,981559 0,000000
vn 0,064070 0,997945 0,000000
vn 0,064070 0,997945 0,000000
vn -0,064070 0,997945 -0,000000
vn -0,064070 0,997945 -0,000000
vn -0,191159 0,981559 -0,000000
vn -0,191159 0,981559 -0,000000
vn -0,315108 0,949056 -0,000000
vn -0,315108 0,949056 -0,000000
vn -0,433884 0,900969 -0,000000
vn -0,433884 0,900969 -0,000000
vn -0,545535 0,838088 -0,000000
vn -0,545535 0,838088 -0,000000
vn -0,648228 0,761446 -0,000000
vn -0,648228 0,761446 -0,000000
vn -0,740278 0,672301 -0,000000
vn -0,740278 0,672301 -0,000000
vn -0,820172 0,572117 -0,000000
vn -0,820172 0,572117 -0,000000
vn -0,886599 0,462538 -0,000000
vn -0,886599 0,462538 -0,000000
vn -0,938468 0,345365 -0,000000
vn -0,938468 0,345365 -0,000000
vn -0,974928 0,222521 -0,000000
vn -0,974928 0,222521 -0,000000
vn -0,995379 0,096023 -0,000000
vn -0,995379 0,096023 -0,000000
vn -0,999486 -0,032052 -0,000000
vn -0,999486 -0,032052 -0,000000
vn -0,987182 -0,159600 -0,000000
vn -0,987182 -0,159600 -0,000000
vn -0,958668 -0,284528 -0,000000
vn -0,958668 -0,284528 -0,000000
vn -0,914413 -0,404783 -0,000000
vn -0,914413 -0,404783 -0,000000
vn -0,855143 -0,518393 -0,000000
vn -0,855143 -0,518393 -0,000000
vn -0,781831 -0,623490 -0,000000
vn -0,781831 -0,623490 -0,000000
vn -0,695683 -0,718349 -0,000000
vn -0,695683 -0,718349 -0,000000
vn -0,598111 -0,801414 -0,000000
vn -0,598111 -0,801414 -0,000000
vn -0,490718 -0,871319 -0,000000
vn -0,490718 -0,871319 -0,000000
vn -0,375267 -0,926917 -0,000000
vn -0,375267 -0,926917 -0,000000
vn -0,253655 -0,967295 -0,000000
vn -0,253655 -0,967295 -0,000000
vn -0,127877 -0,991790 -0,000000
vn 0,000000 0,000000 -1,000000
vn 0,000000 0,000000 -1,000000
vn 0,000000 0,000000 -1,000000
vn 0,000000 0,000000 -1,000000
vn 0,000000 0,000000 -1,000000
vn 0,000000 0,000000 -1,000000
vn 0,000000 0,000000 -1,000000
vn 0,000000 0,000000 -1,000000
vn 0,000000 0,000000 -1,000000
vn 0,000000 0,000000 -1,000000
vn 0,000000 0,000000 -1,000000
vn 0,000000 0,000000 -1,000000
vn 0,000000 0,000000 -1,000000
vn 0,000000 0,000000 -1,000000
vn 0,000000 0,000000 -1,000000
vn 0,000000 0,000000 -1,000000
vn 0,000000 0,000000 -1,000000
vn 0,000000 0,000000 -1,000000
vn 0,000000 0,000000 -1,000000
vn 0,000000 0,000000 -1,000000
vn 0,000000 0,000000 -1,000000
vn 0,000000 0,000000 -1,000000
vn 0,000000 0,000000 -1,000000
vn 0,000000 0,000000 -1,000000
vn 0,000000 0,000000 -1,000000
vn 0,000000 0,000000 -1,000000
vn 0,000000 0,000000 -1,000000
vn 0,000000 0,000000 -1,000000
vn 0,000000 0,000000 -1,000000
vn 0,000000 0,000000 -1,000000
vn 0,000000 0,000000 -1,000000
vn 0,000000 0,000000 -1,000000
vn 0,000000 0,000000 -1,000000
vn 0,000000 0,000000 -1,000000
vn 0,000000 0,000000 -1,000000
vn 0,000000 0,000000 -1,000000
vn 0,000000 0,000000 -1,000000
vn 0,000000 0,000000 -1,000000
vn 0,000000 0,000000 -1,000000
vn 0,000000 0,000000 -1,000000
vn 0,000000 0,000000 -1,000000
vn 0,000000 0,000000 -1,000000
vn 0,000000 0,000000 -1,000000
vn 0,000000 0,000000 -1,000000
vn 0,000000 0,000000 -1,000000
vn 0,000000 0,000000 -1,000000
vn 0,000000 0,000000 -1,000000
vn 0,000000 0,000000 -1,000000
vn 0,000000 0,000000 -1,000000
vn 0,000000 0,000000 -1,000000
vn 0,000000 0,000000 -1,000000
vn 0,000000 0,000000 -1,000000
vn 0,000000 0,000000 -1,000000
vn 0,000000 0,000000 -1,000000
vn 0,000000 0,000000 -1,000000
vn 0,000000 0,000000 -1,000000
vn 0,000000 0,000000 -1,000000
vn 0,000000 0,000000 -1,000000
vn 0,000000 0,000000 -1,000000
vn 0,000000 0,000000 -1,000000
vn 0,000000 0,000000 -1,000000
vn 0,000000 0,000000 -1,000000
vn 0,000000 0,000000 -1,000000
vn 0,000000 0,000000 -1,000000
vn 0,000000 0,000000 -1,000000
vn 0,000000 0,000000 -1,000000
vn 0,000000 0,000000 -1,000000
vn 0,000000 0,000000 -1,000000
vn 0,000000 0,000000 -1,000000
vn 0,000000 0,000000 -1,000000
vn 0,000000 0,000000 -1,000000
vn 0,000000 0,000000 -1,000000
vn 0,000000 0,000000 -1,000000
vn 0,000000 0,000000 -1,000000
vn 0,000000 0,000000 -1,000000
vn 0,000000 0,000000 -1,000000
vn 0,000000 0,000000 -1,000000
vn 0,000000 0,000000 -1,000000
vn 0,000000 0,000000 -1,000000
vn 0,000000 0,000000 -1,000000
vn 0,000000 0,000000 -1,000000
vn 0,000000 0,000000 -1,000000
vn 0,000000 0,000000 -1,000000
vn 0,000000 0,000000 -1,000000
vn 0,000000 0,000000 -1,000000
vn 0,000000 0,000000 -1,000000
vn 0,000000 0,000000 -1,000000
vn 0,000000 0,000000 -1,000000
vn 0,000000 0,000000 -1,000000
vn 0,000000 0,000000 -1,000000
vn 0,000000 0,000000 -1,000000
vn 0,000000 0,000000 -1,000000
vn 0,000000 0,000000 -1,000000
vn 0,000000 0,000000 -1,000000
vn 0,000000 0,000000 -1,000000
vn 0,000000 0,000000 -1,000000
vn 0,000000 0,000000 -1,000000
vn 0,000000 0,000000 -1,000000
vn 0,968281 0,124846 0,216440
vn 0,970571 0,105571 0,216440
vn 0,976296 0,000000 0,216440
vn 0,976296 0,000021 0,216440
vn 0,976296 -0,000000 0,216440
vn 0,976296 0,000010 0,216440
vn 0,953437 0,210029 0,216440
vn 0,944366 0,247642 0,216440
vn 0,925358 0,311235 0,216440
vn 0,904945 0,366372 0,216440
vn 0,886967 0,407975 0,216440
vn 0,850665 0,479086 0,216440
vn 0,838910 0,499383 0,216440
vn 0,782417 0,583933 0,216440
vn 0,782556 0,583747 0,216440
vn 0,721668 0,657533 0,216440
vn 0,701322 0,679192 0,216440
vn 0,658307 0,720962 0,216440
vn 0,608711 0,763299 0,216440
vn 0,594196 0,774651 0,216440
vn 0,530570 0,819542 0,216440
vn 0,506105 0,834872 0,216440
vn 0,464689 0,858614 0,216440
vn 0,395188 0,892737 0,216440
vn 0,396004 0,892376 0,216440
vn 0,324824 0,920676 0,216440
vn 0,277783 0,935944 0,216440
vn 0,251391 0,943375 0,216440
vn 0,155817 0,963782 0,216440
vn 0,176039 0,960294 0,216440
vn 0,099100 0,971253 0,216440
vn 0,031292 0,975794 0,216440
vn 0,020882 0,976073 0,216440
vn -0,057655 0,974592 0,216440
vn -0,093747 0,971785 0,216440
vn -0,137280 0,966596 0,216440
vn -0,217246 0,951818 0,216440
vn -0,221235 0,950899 0,216440
vn -0,309439 0,925960 0,216440
vn -0,337179 0,916223 0,216440
vn -0,400636 0,890306 0,216440
vn -0,451574 0,865583 0,216440
vn -0,490631 0,844059 0,216440
vn -0,558555 0,800731 0,216440
vn -0,578050 0,786773 0,216440
vn -0,656365 0,722730 0,216440
vn -0,661588 0,717952 0,216440
vn -0,743397 0,632863 0,216440
vn -0,739058 0,637925 0,216440
vn -0,807795 0,548289 0,216440
vn -0,818222 0,532604 0,216440
vn -0,866560 0,449696 0,216440
vn -0,879612 0,423599 0,216440
vn -0,914092 0,342915 0,216440
vn -0,926559 0,307639 0,216440
vn -0,948748 0,230286 0,216440
vn -0,958292 0,186627 0,216440
vn -0,969654 0,113689 0,216440
vn -0,974290 0,062551 0,216440
vn -0,976281 -0,005401 0,216440
vn -0,974290 -0,062551 0,216440
vn -0,968302 -0,124683 0,216440
vn -0,958292 -0,186627 0,216440
vn -0,945946 -0,241538 0,216440
vn -0,926559 -0,307639 0,216440
vn -0,909982 -0,353676 0,216440
vn -0,879612 -0,423599 0,216440
vn -0,861259 -0,459769 0,216440
vn -0,818222 -0,532604 0,216440
vn -0,801182 -0,557907 0,216440
vn -0,743397 -0,632863 0,216440
vn -0,734600 -0,643053 0,216440
vn -0,656365 -0,722730 0,216440
vn -0,664736 -0,715038 0,216440
vn -0,594112 -0,774716 0,216440
vn -0,558555 -0,800731 0,216440
vn -0,523505 -0,824073 0,216440
vn -0,451574 -0,865583 0,216440
vn -0,449418 -0,866705 0,216440
vn -0,372030 -0,902634 0,216440
vn -0,337179 -0,916223 0,216440
vn -0,291727 -0,931692 0,216440
vn -0,217246 -0,951818 0,216440
vn -0,208899 -0,953685 0,216440
vn -0,123941 -0,968397 0,216440
vn -0,093747 -0,971785 0,216440
vn -0,037219 -0,975586 0,216440
vn 0,031292 -0,975794 0,216440
vn 0,049343 -0,975048 0,216440
vn 0,155817 -0,963782 0,216440
vn 0,135876 -0,966795 0,216440
vn 0,220725 -0,951018 0,216440
vn 0,277783 -0,935944 0,216440
vn 0,301924 -0,928437 0,216440
vn 0,395188 -0,892737 0,216440
vn 0,378983 -0,899736 0,216440
vn 0,451682 -0,865527 0,216440
vn 0,506105 -0,834872 0,216440
vn 0,520116 -0,826216 0,216440
vn 0,608711 -0,763299 0,216440
vn 0,588085 -0,779301 0,216440
vn 0,655532 -0,723486 0,216440
vn 0,701322 -0,679192 0,216440
vn 0,721073 -0,658185 0,216440
vn 0,782417 -0,583933 0,216440
vn 0,783220 -0,582855 0,216440
vn 0,839596 -0,498230 0,216440
vn 0,850665 -0,479086 0,216440
vn 0,887296 -0,407258 0,216440
vn 0,904945 -0,366372 0,216440
vn 0,925504 -0,310799 0,216440
vn 0,944366 -0,247642 0,216440
vn 0,953519 -0,209656 0,216440
vn 0,968281 -0,124846 0,216440
vn 0,970584 -0,105452 0,216440
vn 0,976296 -0,000021 0,216440
vn -0,375316 -0,000000 0,926897
vn -0,375316 -0,000000 0,926897
vn -0,375316 -0,000000 0,926897
vn -0,375316 -0,000000 0,926897
vn -0,376161 -0,000000 0,926554
vn -0,378707 -0,000000 0,925517
vn -0,382926 -0,000000 0,923779
vn -0,405762 -0,000000 0,913979
vn -0,388792 -0,000000 0,921326
vn -0,396295 -0,000000 0,918123
vn -0,405249 -0,000000 0,914206
vn -0,411886 -0,000000 0,911236
vn -0,411918 -0,000000 0,911221
vn -0,411934 -0,000000 0,911214
vn -0,411776 -0,000000 0,911285
vn -0,403665 -0,000000 0,914907
vn -0,389836 -0,000000 0,920884
vn -0,387027 -0,000000 0,922069
vn -0,361401 -0,000000 0,932410
vn -0,344290 -0,000000 0,938863
vn -0,324225 -0,000000 0,945980
vn -0,273928 -0,000000 0,961750
vn -0,273747 -0,000000 0,961802
vn -0,210795 -0,000000 0,977530
vn -0,190048 -0,000000 0,981775
vn -0,137139 -0,000000 0,990552
vn -0,092677 -0,000000 0,995696
vn -0,052594 -0,000000 0,998616
vn 0,019551 -0,000000 0,999809
vn 0,040071 -0,000000 0,999197
vn 0,127196 -0,000000 0,991878
vn 0,126081 -0,000000 0,992020
vn 0,201033 -0,000000 0,979584
vn 0,219763 -0,000000 0,975553
vn 0,266237 -0,000000 0,963908
vn 0,298771 -0,000000 0,954325
vn 0,320130 -0,000000 0,947374
vn 0,357960 -0,000000 0,933737
vn 0,360394 -0,000000 0,932800
vn 0,388062 -0,000000 0,921633
vn 0,395514 -0,000000 0,918460
vn 0,404727 -0,000000 0,914438
vn 0,410876 -0,000000 0,911691
vn 0,412250 -0,000000 0,911071
vn 0,411033 -0,000000 0,911620
vn 0,402326 -0,000000 0,915497
vn 0,375317 -0,000000 0,926896
vn 0,392768 -0,000000 0,919637
vn 0,385266 -0,000000 0,922806
vn 0,379826 -0,000000 0,925058
vn 0,376496 -0,000000 0,926418
vn -0,404741 -0,000000 0,914431
vn -0,390150 -0,000000 0,920751
vn -0,366966 -0,000000 0,930234
vn -0,333848 -0,000000 0,942627
vn -0,289908 -0,000000 0,957054
vn -0,235382 -0,000000 0,971903
vn -0,173063 -0,000000 0,984911
vn -0,102493 -0,000000 0,994734
vn -0,022582 -0,000000 0,999745
vn 0,061291 -0,000000 0,998120
vn 0,138446 -0,000000 0,990370
vn 0,211227 -0,000000 0,977437
vn 0,279115 -0,000000 0,960258
vn 0,336371 -0,000000 0,941729
vn 0,377090 -0,000000 0,926176
vn 0,401751 -0,000000 0,915749
vn 0,412106 -0,000000 0,911136
vn 0,410673 -0,000000 0,911783
vn 0,401285 -0,000000 0,915953
vn 0,391944 -0,000000 0,919989
vn 0,384640 -0,000000 0,923067
vn 0,379407 -0,000000 0,925230
vn 0,376296 -0,000000 0,926500
vn -0,405144 -0,000000 0,914253
vn -0,396186 -0,000000 0,918170
vn -0,388741 -0,000000 0,921347
vn -0,382904 -0,000000 0,923788
vn -0,378695 -0,000000 0,925522
vn -0,376160 -0,000000 0,926555
vn -0,000000 -1,000000 0,000000
vn -0,000000 -1,000000 0,000000
vn -0,000000 -1,000000 0,000000
vn -0,000000 -1,000000 0,000000
vn -0,000000 -1,000000 0,000000
vn -0,000000 -1,000000 0,000000
vn -0,230745 -0,965936 0,117152
vn -0,230779 -0,965926 0,117169
vn -0,445826 -0,866028 0,226351
vn -0,445830 -0,866025 0,226353
vn -0,630499 -0,707107 0,320111
vn -0,630499 -0,707107 0,320111
vn -0,630499 -0,707107 0,320111
vn -0,630499 -0,707107 0,320111
vn -0,630499 -0,707107 0,320111
vn -0,630499 -0,707107 0,320111
vn -0,630499 -0,707107 0,320111
vn -0,630499 -0,707107 0,320111
vn -0,787633 -0,468746 0,399890
vn -0,848019 -0,309017 0,430548
vn -0,875477 -0,189657 0,444489
vn -0,880682 0,156434 0,447132
vn -0,887352 0,098178 0,450518
vn -0,822192 0,386972 0,417436
vn -0,721368 0,587785 0,366246
vn -0,687826 0,636351 0,349217
vn -0,494796 0,831907 0,251213
vn -0,404805 0,891007 0,205524
vn -0,254288 0,958472 0,129105
vn -0,000000 1,000000 0,000000
vn -0,000000 1,000000 0,000000
vn -0,000000 1,000000 -0,000000
vn -0,000000 1,000000 -0,000000
vn -0,000000 1,000000 -0,000000
vn -0,000000 1,000000 -0,000000
vn 0,000000 1,000000 -0,000000
vn 0,230779 0,965926 -0,117169
vn 0,000000 1,000000 -0,000000
vn 0,230732 0,965940 -0,117145
vn 0,445830 0,866025 -0,226353
vn 0,445809 0,866039 -0,226342
vn 0,630499 0,707107 -0,320111
vn 0,630499 0,707107 -0,320111
vn 0,630499 0,707107 -0,320111
vn 0,630499 0,707107 -0,320111
vn 0,630499 0,707107 -0,320111
vn 0,630499 0,707107 -0,320111
vn 0,630499 0,707107 -0,320111
vn 0,630499 0,707107 -0,320111
vn 0,788024 0,467919 -0,400088
vn 0,848019 0,309017 -0,430548
vn 0,875433 0,189912 -0,444467
vn 0,880682 -0,156434 -0,447132
vn 0,887305 -0,098711 -0,450494
vn 0,821976 -0,387550 -0,417326
vn 0,721368 -0,587785 -0,366246
vn 0,688511 -0,635419 -0,349564
vn 0,494302 -0,832276 -0,250963
vn 0,404805 -0,891007 -0,205524
vn 0,254077 -0,958543 -0,128998
vn 0,000000 -1,000000 -0,000000
vn 0,000000 -1,000000 -0,000000
vn 0,452705 0,000000 0,891660
vn 0,452705 0,000000 0,891660
vn 0,452705 0,000000 0,891660
vn 0,452705 0,000000 0,891660
vn 0,452705 0,000000 0,891660
vn 0,452705 0,000000 0,891660
vn 0,452705 0,000000 0,891660
vn 0,452705 0,000000 0,891660
vn 0,452705 0,000000 0,891660
vn 0,452705 0,000000 0,891660
vn 0,452705 0,000000 0,891660
vn 0,452705 0,000000 0,891660
vn 0,452705 0,000000 0,891660
vn 0,452705 0,000000 0,891660
vn 0,452705 0,000000 0,891660
vn 0,452705 0,000000 0,891660
vn 0,452705 0,000000 0,891660
vn 0,452705 0,000000 0,891660
vn 0,452705 0,000000 0,891660
vn 0,452705 0,000000 0,891660
vn -0,630499 -0,707107 0,320111
vn -0,630499 -0,707107 0,320111
vn -0,630499 -0,707107 0,320111
vn -0,630499 -0,707107 0,320111
vn 0,452705 0,000000 0,891660
vn 0,452705 0,000000 0,891660
vn 0,452705 0,000000 0,891660
vn 0,452705 0,000000 0,891660
vn 0,452705 0,000000 0,891660
vn 0,452705 0,000000 0,891660
vn 0,452705 0,000000 0,891660
vn 0,452705 0,000000 0,891660
vn 0,452705 0,000000 0,891660
vn 0,452705 0,000000 0,891660
vn 0,452705 0,000000 0,891660
vn 0,452705 0,000000 0,891660
vn 0,452705 0,000000 0,891660
vn 0,452705 0,000000 0,891660
vn 0,452705 0,000000 0,891660
vn 0,452705 0,000000 0,891660
vn 0,452705 0,000000 0,891660
vn 0,452705 0,000000 0,891660
vn 0,452705 0,000000 0,891660
vn 0,452705 0,000000 0,891660
vn 0,452705 0,000000 0,891660
vn 0,452705 0,000000 0,891660
vn 0,452705 0,000000 0,891660
vn 0,452705 0,000000 0,891660
vn 0,452705 0,000000 0,891660
vn 0,452705 0,000000 0,891660
vn 0,452705 0,000000 0,891660
vn 0,452705 0,000000 0,891660
vn 0,452705 0,000000 0,891660
vn 0,452705 0,000000 0,891660
vn 0,452705 0,000000 0,891660
vn 0,452705 0,000000 0,891660
vn 0,452705 0,000000 0,891660
vn 0,452705 0,000000 0,891660
vn 0,452705 0,000000 0,891660
vn 0,452705 0,000000 0,891660
vn 0,452705 0,000000 0,891660
vn 0,452705 0,000000 0,891660
vn -0,000000 1,000000 -0,000000
vn -0,000000 1,000000 -0,000000
vn -0,000000 1,000000 -0,000000
vn -0,000000 1,000000 -0,000000
vn -0,000000 1,000000 0,000000
vn -0,000000 1,000000 0,000000
vn -0,329838 0,929066 0,167462
vn -0,445830 0,866025 0,226353
vn -0,616774 0,722171 0,313143
vn -0,772200 0,500000 0,392054
vn -0,818355 0,397071 0,415488
vn -0,891660 -0,000000 0,452705
vn -0,891660 0,000000 0,452705
vn -0,891660 0,000000 0,452705
vn -0,891660 0,000000 0,452705
vn -0,891660 0,000000 0,452705
vn -0,891660 0,000000 0,452705
vn -0,891660 0,000000 0,452705
vn -0,891660 0,000000 0,452705
vn -0,891660 -0,000000 0,452705
vn -0,891660 -0,000000 0,452705
vn -0,848238 0,308261 0,430660
vn -0,794475 0,453990 0,403363
vn -0,742564 0,553591 0,377008
vn -0,524105 0,809017 0,266094
vn -0,477818 0,844298 0,242593
vn -0,278581 0,949941 0,141439
vn -0,139486 0,987688 0,070819
vn 0,126579 0,989873 -0,064266
vn 0,275538 0,951057 -0,139894
vn 0,390762 0,898857 -0,198394
vn 0,630499 0,707107 -0,320111
vn 0,630499 0,707107 -0,320111
vn 0,630499 0,707107 -0,320111
vn 0,630499 0,707107 -0,320111
vn 0,630499 0,707107 -0,320111
vn 0,630499 0,707107 -0,320111
vn 0,630499 0,707107 -0,320111
vn 0,772200 0,500000 -0,392054
vn 0,630499 0,707107 -0,320111
vn 0,772192 0,500016 -0,392050
vn 0,861278 0,258819 -0,437280
vn 0,861275 0,258828 -0,437279
vn 0,891660 0,000000 -0,452705
vn 0,891660 0,000000 -0,452705
vn 0,891660 -0,000000 -0,452705
vn 0,891660 -0,000000 -0,452705
vn 0,891660 -0,000000 -0,452705
vn 0,891660 -0,000000 -0,452705
vn 0,891660 -0,000000 -0,452705
vn 0,891660 -0,000000 -0,452705
vn 0,848049 -0,308914 -0,430564
vn 0,794475 -0,453991 -0,403363
vn 0,742013 -0,554521 -0,376728
vn 0,524105 -0,809017 -0,266094
vn 0,476659 -0,845121 -0,242005
vn 0,277199 -0,950449 -0,140737
vn 0,139486 -0,987688 -0,070819
vn -0,127856 -0,989666 0,064914
vn -0,275538 -0,951057 0,139894
vn -0,391555 -0,898423 0,198797
vn -0,630499 -0,707107 0,320111
vn -0,630499 -0,707107 0,320111
vn -0,630499 -0,707107 0,320111
vn -0,630499 -0,707107 0,320111
vn -0,630499 -0,707107 0,320111
vn -0,630499 -0,707107 0,320111
vn -0,630499 -0,707107 0,320111
vn -0,772200 -0,500000 0,392054
vn -0,630499 -0,707107 0,320111
vn -0,772243 -0,499917 0,392076
vn -0,861278 -0,258819 0,437280
vn -0,861302 -0,258718 0,437292
vn -0,891660 -0,000000 0,452705
vn -0,891660 0,000000 0,452705
vn -0,891660 -0,000000 0,452705
vn -0,891660 -0,000000 0,452705
vn -0,891660 -0,000000 0,452705
vn -0,891660 -0,000000 0,452705
vn -0,891660 -0,000000 0,452705
vn -0,891660 -0,000000 0,452705
vn -0,891660 -0,000000 0,452705
vn -0,891660 0,000000 0,452705
vn -0,830070 -0,365206 0,421436
vn -0,772200 -0,500000 0,392054
vn -0,607034 -0,732478 0,308198
vn -0,445830 -0,866025 0,226353
vn -0,412262 -0,886696 0,209310
vn -0,000000 -1,000000 0,000000
vn -0,000000 -1,000000 0,000000
vn -0,000000 -1,000000 0,000000
vn -0,000000 -1,000000 0,000000
vn -0,000000 -1,000000 0,000000
vn -0,000000 -1,000000 0,000000
vn -0,000000 -1,000000 0,000000
vn -0,000000 -1,000000 0,000000
vn -0,230722 -0,965943 0,117140
vn -0,230779 -0,965926 0,117169
vn -0,445785 -0,866054 0,226330
vn -0,445830 -0,866025 0,226353
vn -0,630499 -0,707107 0,320111
vn -0,630499 -0,707107 0,320111
vn 0,000000 -1,000000 -0,000000
vn 0,000000 -1,000000 -0,000000
vn 0,342982 -0,923060 -0,174136
vn 0,445830 -0,866025 -0,226353
vn 0,630440 -0,707173 -0,320081
vn 0,772200 -0,500000 -0,392054
vn 0,824513 -0,380710 -0,418614
vn 0,891660 -0,000000 -0,452705
vn 0,891660 -0,000000 -0,452705
vn 0,891660 -0,000000 -0,452705
vn 0,891660 -0,000000 -0,452705
vn 0,891660 -0,000000 -0,452705
vn 0,891660 -0,000000 -0,452705
vn 0,891660 -0,000000 -0,452705
vn 0,891660 -0,000000 -0,452705
vn 0,891660 -0,000000 -0,452705
vn 0,891660 -0,000000 -0,452705
vn 0,848242 -0,308248 -0,430661
vn 0,794475 -0,453990 -0,403363
vn 0,742612 -0,553510 -0,377032
vn 0,524105 -0,809017 -0,266094
vn 0,478132 -0,844074 -0,242753
vn 0,279051 -0,949767 -0,141677
vn 0,139486 -0,987688 -0,070819
vn -0,126191 -0,989935 0,064068
vn -0,275538 -0,951057 0,139894
vn -0,390595 -0,898949 0,198309
vn -0,630499 -0,707107 0,320111
vn -0,630499 -0,707107 0,320111
vn -0,630499 -0,707107 0,320111
vn -0,630499 -0,707107 0,320111
vn -0,630499 -0,707107 0,320111
vn -0,630499 -0,707107 0,320111
vn -0,630499 -0,707107 0,320111
vn -0,630499 -0,707107 0,320111
vn -0,772177 -0,500045 0,392043
vn -0,772200 -0,500000 0,392054
vn -0,861266 -0,258869 0,437274
vn -0,861278 -0,258819 0,437280
vn -0,891660 0,000000 0,452705
vn -0,891660 0,000000 0,452705
vn -0,891660 -0,000000 0,452705
vn -0,891660 -0,000000 0,452705
vn -0,891660 -0,000000 0,452705
vn -0,891660 -0,000000 0,452705
vn -0,891660 -0,000000 0,452705
vn -0,891660 -0,000000 0,452705
vn -0,891660 -0,000000 0,452705
vn -0,891660 -0,000000 0,452705
vn -0,824897 0,379663 0,418809
vn -0,772200 0,500000 0,392054
vn -0,630497 0,707109 0,320110
vn -0,445830 0,866025 0,226353
vn -0,343867 0,922646 0,174585
vn -0,000000 1,000000 0,000000
vn -0,000000 1,000000 0,000000
vn -0,000000 1,000000 -0,000000
vn -0,000000 1,000000 -0,000000
vn -0,000000 1,000000 -0,000000
vn -0,000000 1,000000 -0,000000
vn -0,000000 1,000000 -0,000000
vn -0,000000 1,000000 -0,000000
vn -0,000000 1,000000 -0,000000
vn 0,000000 1,000000 -0,000000
vn 0,230779 0,965926 -0,117169
vn 0,000000 1,000000 -0,000000
vn 0,230848 0,965905 -0,117204
vn 0,445830 0,866025 -0,226353
vn 0,445884 0,865990 -0,226380
vn 0,630499 0,707107 -0,320111
vn 0,630499 0,707107 -0,320111
vn 0,630499 0,707107 -0,320111
vn 0,630499 0,707107 -0,320111
vn 0,630499 0,707107 -0,320111
vn 0,630499 0,707107 -0,320111
vn 0,630499 0,707107 -0,320111
vn 0,772200 0,500000 -0,392054
vn 0,630499 0,707107 -0,320111
vn 0,772172 0,500054 -0,392040
vn 0,861278 0,258819 -0,437280
vn 0,861262 0,258884 -0,437272
vn 0,891660 0,000000 -0,452705
vn 0,891660 0,000000 -0,452705
vn 0,891660 -0,000000 -0,452705
vn 0,891660 -0,000000 -0,452705
vn 0,891660 -0,000000 -0,452705
vn 0,891660 -0,000000 -0,452705
vn 0,891660 -0,000000 -0,452705
vn 0,891660 -0,000000 -0,452705
vn 0,891660 -0,000000 -0,452705
vn 0,891660 -0,000000 -0,452705
vn 0,848241 -0,308249 -0,430661
vn 0,794475 -0,453991 -0,403363
vn 0,737986 -0,561239 -0,374683
vn 0,524105 -0,809017 -0,266094
vn 0,464817 -0,853377 -0,235993
vn 0,280350 -0,949286 -0,142337
vn 0,139486 -0,987688 -0,070819
vn 0,086551 -0,995278 -0,043943
vn -0,275538 -0,951057 0,139894
vn -0,279068 -0,949761 0,141686
vn -0,630499 -0,707107 0,320111
vn -0,630499 -0,707107 0,320111
vn -0,630499 -0,707107 0,320111
vn -0,630499 -0,707107 0,320111
vn -0,630499 -0,707107 0,320111
vn -0,630499 -0,707107 0,320111
vn -0,630499 -0,707107 0,320111
vn -0,630499 -0,707107 0,320111
vn -0,772177 -0,500045 0,392043
vn -0,772200 -0,500000 0,392054
vn -0,861265 -0,258871 0,437274
vn -0,861278 -0,258819 0,437280
vn -0,891660 0,000000 0,452705
vn -0,891660 0,000000 0,452705
vn -0,891660 -0,000000 0,452705
vn -0,891660 -0,000000 0,452705
vn -0,891660 -0,000000 0,452705
vn -0,891660 -0,000000 0,452705
vn -0,891660 -0,000000 0,452705
vn -0,891660 -0,000000 0,452705
vn -0,828384 -0,369990 0,420579
vn -0,772200 -0,500000 0,392054
vn -0,643624 -0,692075 0,326775
vn -0,445830 -0,866025 0,226353
vn -0,353696 -0,917961 0,179575
vn -0,000000 -1,000000 0,000000
vn -0,000000 -1,000000 0,000000
vn -0,000000 -1,000000 -0,000000
vn -0,000000 -1,000000 -0,000000
vn -0,000000 -1,000000 -0,000000
vn -0,000000 -1,000000 -0,000000
vn 0,000000 -1,000000 -0,000000
vn 0,000000 -1,000000 -0,000000
vn 0,303700 -0,940208 -0,154192
vn 0,445830 -0,866025 -0,226353
vn 0,617503 -0,721387 -0,313513
vn 0,772200 -0,500000 -0,392054
vn 0,818713 -0,396140 -0,415670
vn 0,891660 -0,000000 -0,452705
vn 0,891660 -0,000000 -0,452705
vn 0,891660 0,000000 -0,452705
vn 0,891660 0,000000 -0,452705
vn 0,891660 0,000000 -0,452705
vn 0,891660 0,000000 -0,452705
vn 0,891660 0,000000 -0,452705
vn 0,891660 0,000000 -0,452705
vn 0,891660 -0,000000 -0,452705
vn 0,891660 -0,000000 -0,452705
vn 0,848859 -0,306102 -0,430975
vn 0,794475 -0,453990 -0,403363
vn 0,760784 -0,521548 -0,386258
vn 0,579905 -0,759621 -0,294424
vn 0,524105 -0,809017 -0,266094
vn 0,347565 -0,920902 -0,176462
vn 0,139486 -0,987688 -0,070819
vn 0,090256 -0,994864 -0,045824
vn -0,202099 -0,973975 0,102608
vn -0,275538 -0,951057 0,139894
vn -0,445826 -0,866028 0,226351
vn -0,630499 -0,707107 0,320111
vn -0,630499 -0,707107 0,320111
vn -0,630499 -0,707107 0,320111
vn -0,630499 -0,707107 0,320111
vn -0,630499 -0,707107 0,320111
vn -0,630499 -0,707107 0,320111
vn -0,630499 -0,707107 0,320111
vn -0,630499 -0,707107 0,320111
vn -0,445843 -0,866017 0,226359
vn -0,445830 -0,866025 0,226353
vn -0,230802 -0,965919 0,117181
vn -0,230779 -0,965926 0,117169
vn -0,000000 -1,000000 0,000000
vn -0,000000 -1,000000 0,000000
vn 0,000000 -1,000000 -0,000000
vn 0,000000 -1,000000 -0,000000
vn 0,000000 -1,000000 -0,000000
vn 0,000000 -1,000000 -0,000000
vn 0,452705 0,000000 0,891660
vn 0,452705 0,000000 0,891660
vn 0,452705 0,000000 0,891660
vn 0,452705 0,000000 0,891660
vn 0,452705 0,000000 0,891660
vn 0,452705 0,000000 0,891660
vn 0,452705 0,000000 0,891660
vn 0,452705 0,000000 0,891660
vn 0,452705 0,000000 0,891660
vn 0,452705 0,000000 0,891660
vn 0,452705 0,000000 0,891660
vn 0,452705 0,000000 0,891660
vn 0,452705 0,000000 0,891660
vn 0,452705 0,000000 0,891660
vn 0,452705 0,000000 0,891660
vn 0,452705 0,000000 0,891660
vn 0,452705 0,000000 0,891660
vn 0,452705 0,000000 0,891660
vn 0,452705 0,000000 0,891660
vn 0,452705 0,000000 0,891660
vn 0,452705 0,000000 0,891660
vn 0,452705 0,000000 0,891660
vn 0,452705 0,000000 0,891660
vn 0,452705 0,000000 0,891660
vn 0,452705 0,000000 0,891660
vn 0,452705 0,000000 0,891660
vn 0,452705 0,000000 0,891660
vn 0,452705 0,000000 0,891660
vn 0,452705 0,000000 0,891660
vn 0,452705 0,000000 0,891660
vn 0,452705 0,000000 0,891660
vn 0,452705 0,000000 0,891660
vn 0,452705 0,000000 0,891660
vn 0,452705 0,000000 0,891660
vn 0,452705 0,000000 0,891660
vn 0,452705 0,000000 0,891660
vn 0,452705 0,000000 0,891660
vn 0,452705 0,000000 0,891660
vn 0,452705 0,000000 0,891660
vn 0,452705 0,000000 0,891660
vn 0,452705 0,000000 0,891660
vn 0,452705 0,000000 0,891660
vn 0,452705 0,000000 0,891660
vn 0,452705 0,000000 0,891660
vn 0,452705 0,000000 0,891660
vn 0,452705 0,000000 0,891660
vn 0,452705 0,000000 0,891660
vn 0,452705 0,000000 0,891660
vn 0,452705 0,000000 0,891660
vn 0,452705 0,000000 0,891660
vn 0,452705 0,000000 0,891660
vn 0,452705 0,000000 0,891660
vn 0,452705 0,000000 0,891660
vn 0,452705 0,000000 0,891660
vn -0,183750 -0,982973 -0,000000
vn -0,183750 -0,982973 -0,000000
vn 0,000000 -1,000000 -0,000000
vn 0,000000 -1,000000 -0,000000
vn 0,183750 -0,982973 -0,000000
vn 0,183750 -0,982973 -0,000000
vn 0,361242 -0,932472 -0,000000
vn 0,361242 -0,932472 -0,000000
vn 0,526432 -0,850217 -0,000000
vn 0,526432 -0,850217 -0,000000
vn 0,673696 -0,739009 -0,000000
vn 0,673696 -0,739009 -0,000000
vn 0,798017 -0,602635 -0,000000
vn 0,798017 -0,602635 -0,000000
vn 0,895163 -0,445738 -0,000000
vn 0,895163 -0,445738 -0,000000
vn 0,961826 -0,273663 -0,000000
vn 0,961826 -0,273663 -0,000000
vn 0,995734 -0,092268 -0,000000
vn 0,995734 -0,092268 -0,000000
vn 0,995734 0,092268 0,000000
vn 0,995734 0,092268 0,000000
vn 0,961826 0,273663 0,000000
vn 0,961826 0,273663 0,000000
vn 0,895163 0,445738 0,000000
vn 0,895163 0,445738 0,000000
vn 0,798017 0,602635 0,000000
vn 0,798017 0,602635 0,000000
vn 0,673696 0,739009 0,000000
vn 0,673696 0,739009 0,000000
vn 0,526432 0,850217 0,000000
vn 0,526432 0,850217 0,000000
vn 0,361242 0,932472 0,000000
vn 0,361242 0,932472 0,000000
vn 0,183750 0,982973 0,000000
vn 0,183750 0,982973 0,000000
vn 0,000000 1,000000 0,000000
vn 0,000000 1,000000 0,000000
vn -0,183750 0,982973 -0,000000
vn -0,183750 0,982973 -0,000000
vn -0,361242 0,932472 -0,000000
vn -0,361242 0,932472 -0,000000
vn -0,526432 0,850217 -0,000000
vn -0,526432 0,850217 -0,000000
vn -0,673696 0,739009 -0,000000
vn -0,673696 0,739009 -0,000000
vn -0,798017 0,602635 -0,000000
vn -0,798017 0,602635 -0,000000
vn -0,895163 0,445738 -0,000000
vn -0,895163 0,445738 -0,000000
vn -0,961826 0,273663 -0,000000
vn -0,961826 0,273663 -0,000000
vn -0,995734 0,092268 -0,000000
vn -0,995734 0,092268 -0,000000
vn -0,995734 -0,092268 -0,000000
vn -0,995734 -0,092268 -0,000000
vn -0,961826 -0,273663 -0,000000
vn -0,961826 -0,273663 -0,000000
vn -0,895163 -0,445738 -0,000000
vn -0,895163 -0,445738 -0,000000
vn -0,798017 -0,602635 -0,000000
vn -0,798017 -0,602635 -0,000000
vn -0,673696 -0,739009 -0,000000
vn -0,673696 -0,739009 -0,000000
vn -0,526432 -0,850217 -0,000000
vn -0,526432 -0,850217 -0,000000
vn -0,361242 -0,932472 -0,000000
vn -0,361242 -0,932472 -0,000000
vn 0,000000 0,000000 1,000000
vn 0,000000 0,000000 1,000000
vn 0,000000 0,000000 1,000000
vn 0,000000 0,000000 1,000000
vn 0,000000 0,000000 1,000000
vn 0,000000 0,000000 1,000000
vn 0,000000 0,000000 1,000000
vn 0,000000 0,000000 1,000000
vn 0,000000 0,000000 1,000000
vn 0,000000 0,000000 1,000000
vn 0,000000 0,000000 1,000000
vn 0,000000 0,000000 1,000000
vn 0,000000 0,000000 1,000000
vn 0,000000 0,000000 1,000000
vn 0,000000 0,000000 1,000000
vn 0,000000 0,000000 1,000000
vn 0,000000 0,000000 1,000000
vn 0,000000 0,000000 1,000000
vn 0,000000 0,000000 1,000000
vn 0,000000 0,000000 1,000000
vn 0,000000 0,000000 1,000000
vn 0,000000 0,000000 1,000000
vn 0,000000 0,000000 1,000000
vn 0,000000 0,000000 1,000000
vn 0,000000 0,000000 1,000000
vn 0,000000 0,000000 1,000000
vn 0,000000 0,000000 1,000000
vn 0,000000 0,000000 1,000000
vn 0,000000 0,000000 1,000000
vn 0,000000 0,000000 1,000000
vn 0,000000 0,000000 1,000000
vn 0,000000 0,000000 1,000000
vn 0,000000 0,000000 1,000000
vn 0,000000 0,000000 1,000000
vn 0,000000 0,000000 1,000000
vn 0,000000 0,000000 1,000000
vn 0,000000 0,000000 1,000000
vn 0,000000 0,000000 1,000000
vn 0,000000 0,000000 1,000000
vn 0,000000 0,000000 1,000000
vn 0,000000 0,000000 1,000000
vn 0,000000 0,000000 1,000000
vn 0,000000 0,000000 1,000000
vn 0,000000 0,000000 1,000000
vn 0,000000 0,000000 1,000000
vn 0,000000 0,000000 1,000000
vn 0,000000 0,000000 1,000000
vn 0,000000 0,000000 1,000000
vn 0,000000 0,000000 1,000000
vn 0,000000 0,000000 1,000000
vn 0,000000 0,000000 1,000000
vn 0,000000 0,000000 1,000000
vn 0,000000 0,000000 1,000000
vn 0,000000 0,000000 1,000000
vn 0,000000 0,000000 1,000000
vn 0,000000 0,000000 1,000000
vn 0,000000 0,000000 1,000000
vn 0,000000 0,000000 1,000000
vn 0,000000 0,000000 1,000000
vn 0,000000 0,000000 1,000000
vn 0,000000 0,000000 1,000000
vn 0,000000 0,000000 1,000000
vn 0,000000 0,000000 1,000000
vn 0,000000 0,000000 1,000000
vn 0,000000 0,000000 1,000000
vn 0,000000 0,000000 1,000000
vn 0,000000 0,000000 1,000000
vn 0,000000 0,000000 1,000000
vn 0,000000 0,000000 1,000000
vn 0,000000 0,000000 1,000000
vn 0,000000 0,000000 1,000000
vn 0,000000 0,000000 1,000000
vn 0,000000 0,000000 1,000000
vn 0,000000 0,000000 1,000000
vn 0,000000 0,000000 1,000000
vn 0,000000 0,000000 1,000000
vn 0,000000 0,000000 -1,000000
vn 0,000000 0,000000 -1,000000
vn 0,000000 0,000000 -1,000000
vn 0,000000 0,000000 -1,000000
vn 0,000000 0,000000 -1,000000
vn 0,000000 0,000000 -1,000000
vn 0,000000 0,000000 -1,000000
vn 0,000000 0,000000 -1,000000
vn 0,000000 0,000000 -1,000000
vn 0,000000 0,000000 -1,000000
vn 0,000000 0,000000 -1,000000
vn 0,000000 0,000000 -1,000000
vn 0,000000 0,000000 -1,000000
vn 0,000000 0,000000 -1,000000
vn 0,000000 0,000000 -1,000000
vn 0,000000 0,000000 -1,000000
vn 0,000000 0,000000 -1,000000
vn 0,000000 0,000000 -1,000000
vn 0,000000 0,000000 -1,000000
vn 0,000000 0,000000 -1,000000
vn 0,000000 0,000000 -1,000000
vn 0,000000 0,000000 -1,000000
vn 0,000000 0,000000 -1,000000
vn 0,000000 0,000000 -1,000000
vn 0,000000 0,000000 -1,000000
vn 0,000000 0,000000 -1,000000
vn 0,000000 0,000000 -1,000000
vn 0,000000 0,000000 -1,000000
vn 0,000000 0,000000 -1,000000
vn 0,000000 0,000000 -1,000000
vn 0,000000 0,000000 -1,000000
vn 0,000000 0,000000 -1,000000
vn 0,000000 0,000000 -1,000000
vn 0,000000 0,000000 -1,000000
vn 0,000000 0,000000 -1,000000
vn 0,000000 0,000000 -1,000000
vn 0,000000 0,000000 -1,000000
vn 0,000000 0,000000 -1,000000
vn 0,000000 0,000000 -1,000000
vn 0,000000 0,000000 -1,000000
vn 0,000000 0,000000 -1,000000
vn 0,000000 0,000000 -1,000000
vn 0,000000 0,000000 -1,000000
vn 0,000000 0,000000 -1,000000
vn 0,000000 0,000000 -1,000000
vn 0,000000 0,000000 -1,000000
vn 0,000000 0,000000 -1,000000
vn 0,000000 0,000000 -1,000000
vn 0,000000 0,000000 -1,000000
vn 0,000000 0,000000 -1,000000
vn 0,000000 0,000000 -1,000000
vn 0,000000 0,000000 -1,000000
vn 0,000000 0,000000 -1,000000
vn 0,000000 0,000000 -1,000000
vn 0,000000 0,000000 -1,000000
vn 0,000000 0,000000 -1,000000
vn 0,000000 0,000000 -1,000000
vn 0,000000 0,000000 -1,000000
vn 0,000000 0,000000 -1,000000
vn 0,000000 0,000000 -1,000000
vn 0,000000 0,000000 -1,000000
vn 0,000000 0,000000 -1,000000
vn 0,000000 0,000000 -1,000000
vn 0,000000 0,000000 -1,000000
vn 0,000000 0,000000 -1,000000
vn 0,000000 0,000000 -1,000000
vn 0,000000 0,000000 -1,000000
vn 0,000000 0,000000 -1,000000
vn 0,000000 0,000000 -1,000000
vn 0,000000 0,000000 -1,000000
vn 0,000000 0,000000 -1,000000
vn 0,000000 0,000000 -1,000000
vn 0,000000 0,000000 -1,000000
vn 0,000000 0,000000 -1,000000
vn 0,000000 0,000000 -1,000000
vn 0,000000 0,000000 -1,000000
vn -0,149042 0,988831 0,000000
vn -0,149042 0,988831 0,000000
vn -0,000000 1,000000 0,000000
vn -0,000000 1,000000 0,000000
vn 0,149042 0,988831 0,000000
vn 0,149042 0,988831 0,000000
vn 0,294755 0,955573 0,000000
vn 0,294755 0,955573 0,000000
vn 0,433884 0,900969 0,000000
vn 0,433884 0,900969 0,000000
vn 0,563320 0,826239 0,000000
vn 0,563320 0,826239 0,000000
vn 0,680173 0,733052 0,000000
vn 0,680173 0,733052 0,000000
vn 0,781831 0,623490 0,000000
vn 0,781831 0,623490 0,000000
vn 0,866025 0,500000 0,000000
vn 0,866025 0,500000 0,000000
vn 0,930874 0,365341 0,000000
vn 0,930874 0,365341 0,000000
vn 0,974928 0,222521 0,000000
vn 0,974928 0,222521 0,000000
vn 0,997204 0,074730 0,000000
vn 0,997204 0,074730 0,000000
vn 0,997204 -0,074730 0,000000
vn 0,997204 -0,074730 0,000000
vn 0,974928 -0,222521 0,000000
vn 0,974928 -0,222521 0,000000
vn 0,930874 -0,365341 0,000000
vn 0,930874 -0,365341 0,000000
vn 0,866025 -0,500000 0,000000
vn 0,866025 -0,500000 0,000000
vn 0,781831 -0,623490 0,000000
vn 0,781831 -0,623490 0,000000
vn 0,680173 -0,733052 0,000000
vn 0,680173 -0,733052 0,000000
vn 0,563320 -0,826239 0,000000
vn 0,563320 -0,826239 0,000000
vn 0,433884 -0,900969 0,000000
vn 0,433884 -0,900969 0,000000
vn 0,294755 -0,955573 0,000000
vn 0,294755 -0,955573 0,000000
vn 0,149042 -0,988831 0,000000
vn 0,149042 -0,988831 0,000000
vn 0,000000 -1,000000 0,000000
vn 0,000000 -1,000000 0,000000
vn -0,149042 -0,988831 -0,000000
vn -0,149042 -0,988831 -0,000000
vn -0,294755 -0,955573 -0,000000
vn -0,294755 -0,955573 -0,000000
vn -0,433884 -0,900969 -0,000000
vn -0,433884 -0,900969 -0,000000
vn -0,563320 -0,826239 -0,000000
vn -0,563320 -0,826239 -0,000000
vn -0,680173 -0,733052 -0,000000
vn -0,680173 -0,733052 -0,000000
vn -0,781831 -0,623490 -0,000000
vn -0,781831 -0,623490 -0,000000
vn -0,866025 -0,500000 -0,000000
vn -0,866025 -0,500000 -0,000000
vn -0,930874 -0,365341 -0,000000
vn -0,930874 -0,365341 -0,000000
vn -0,974928 -0,222521 -0,000000
vn -0,974928 -0,222521 -0,000000
vn -0,997204 -0,074730 -0,000000
vn -0,997204 -0,074730 -0,000000
vn -0,997204 0,074730 0,000000
vn -0,997204 0,074730 0,000000
vn -0,974928 0,222521 0,000000
vn -0,974928 0,222521 0,000000
vn -0,930874 0,365341 0,000000
vn -0,930874 0,365341 0,000000
vn -0,866025 0,500000 0,000000
vn -0,866025 0,500000 0,000000
vn -0,781831 0,623490 0,000000
vn -0,781831 0,623490 0,000000
vn -0,680173 0,733052 0,000000
vn -0,680173 0,733052 0,000000
vn -0,563320 0,826239 0,000000
vn -0,563320 0,826239 0,000000
vn -0,433884 0,900969 0,000000
vn -0,433884 0,900969 0,000000
vn -0,294755 0,955573 0,000000
vn -0,294755 0,955573 0,000000
usemtl Opaque(144,144,144)
f 1/1/1 2/2/2 61/3/3
f 61/3/3 2/2/2 60/4/4
f 60/4/4 2/2/2 3/5/5
f 60/4/4 3/5/5 59/6/6
f 59/6/6 3/5/5 4/7/7
f 59/6/6 4/7/7 58/8/8
f 58/8/8 4/7/7 5/9/9
f 58/8/8 5/9/9 57/10/10
f 57/10/10 5/9/9 6/11/11
f 57/10/10 6/11/11 56/12/12
f 56/12/12 6/11/11 7/13/13
f 56/12/12 7/13/13 55/14/14
f 55/14/14 7/13/13 8/15/15
f 55/14/14 8/15/15 54/16/16
f 54/16/16 8/15/15 9/17/17
f 54/16/16 9/17/17 53/18/18
f 53/18/18 9/17/17 10/19/19
f 53/18/18 10/19/19 52/20/20
f 52/20/20 10/19/19 11/21/21
f 52/20/20 11/21/21 51/22/22
f 51/22/22 11/21/21 12/23/23
f 51/22/22 12/23/23 50/24/24
f 50/24/24 12/23/23 13/25/25
f 50/24/24 13/25/25 49/26/26
f 49/26/26 13/25/25 14/27/27
f 49/26/26 14/27/27 48/28/28
f 48/28/28 14/27/27 15/29/29
f 48/28/28 15/29/29 47/30/30
f 47/30/30 15/29/29 16/31/31
f 47/30/30 16/31/31 46/32/32
f 46/32/32 16/31/31 17/33/33
f 46/32/32 17/33/33 45/34/34
f 45/34/34 17/33/33 18/35/35
f 45/34/34 18/35/35 44/36/36
f 44/36/36 18/35/35 19/37/37
f 44/36/36 19/37/37 43/38/38
f 43/38/38 19/37/37 20/39/39
f 43/38/38 20/39/39 42/40/40
f 42/40/40 20/39/39 21/41/41
f 42/40/40 21/41/41 41/42/42
f 41/42/42 21/41/41 22/43/43
f 41/42/42 22/43/43 40/44/44
f 40/44/44 22/43/43 23/45/45
f 40/44/44 23/45/45 39/46/46
f 39/46/46 23/45/45 24/47/47
f 39/46/46 24/47/47 38/48/48
f 38/48/48 24/47/47 25/49/49
f 38/48/48 25/49/49 37/50/50
f 37/50/50 25/49/49 26/51/51
f 37/50/50 26/51/51 36/52/52
f 36/52/52 26/51/51 27/53/53
f 36/52/52 27/53/53 35/54/54
f 35/54/54 27/53/53 28/55/55
f 35/54/54 28/55/55 34/56/56
f 34/56/56 28/55/55 29/57/57
f 34/56/56 29/57/57 33/58/58
f 33/58/58 29/57/57 30/59/59
f 33/58/58 30/59/59 32/60/60
f 32/60/60 30/59/59 31/61/61
f 62/62/62 63/63/63 76/64/64
f 76/64/64 63/63/63 64/65/65
f 76/64/64 64/65/65 75/66/66
f 75/66/66 64/65/65 65/67/67
f 75/66/66 65/67/67 74/68/68
f 74/68/68 65/67/67 73/69/69
f 73/69/69 65/67/67 66/70/70
f 73/69/69 66/70/70 72/71/71
f 72/71/71 66/70/70 71/72/72
f 71/72/72 66/70/70 67/73/73
f 71/72/72 67/73/73 70/74/74
f 70/74/74 67/73/73 68/75/75
f 70/74/74 68/75/75 69/76/76
f 78/77/77 162/78/78 77/79/79
f 77/80/79 162/81/78 163/82/80
f 77/80/79 163/82/80 137/83/81
f 137/83/81 163/82/80 164/84/82
f 137/83/81 164/84/82 136/85/83
f 136/85/83 164/84/82 165/86/84
f 136/85/83 165/86/84 135/87/85
f 135/87/85 165/86/84 134/88/86
f 134/88/86 165/86/84 166/89/87
f 134/88/86 166/89/87 133/90/88
f 133/90/88 166/89/87 167/91/89
f 133/90/88 167/91/89 132/92/90
f 132/92/90 167/91/89 168/93/91
f 132/92/90 168/93/91 131/94/92
f 131/94/92 168/93/91 169/95/93
f 131/94/92 169/95/93 130/96/94
f 130/96/94 169/95/93 129/97/95
f 129/97/95 169/95/93 170/98/96
f 129/97/95 170/98/96 128/99/97
f 128/99/97 170/98/96 171/100/98
f 128/99/97 171/100/98 127/101/99
f 127/101/99 171/100/98 172/102/100
f 127/101/99 172/102/100 126/103/101
f 126/103/101 172/102/100 173/104/102
f 126/103/101 173/104/102 125/105/103
f 125/105/103 173/104/102 330/106/104
f 125/105/103 330/106/104 305/107/105
f 162/78/78 78/77/77 161/108/106
f 161/108/106 78/77/77 79/109/107
f 161/108/106 79/109/107 160/110/108
f 160/110/108 79/109/107 80/111/109
f 160/110/108 80/111/109 81/112/110
f 160/110/108 81/112/110 159/113/111
f 159/113/111 81/112/110 82/114/112
f 159/113/111 82/114/112 158/115/113
f 158/115/113 82/114/112 83/116/114
f 158/115/113 83/116/114 157/117/115
f 157/117/115 83/116/114 84/118/116
f 157/117/115 84/118/116 156/119/117
f 156/119/117 84/118/116 85/120/118
f 156/119/117 85/120/118 86/121/119
f 156/119/117 86/121/119 155/122/120
f 155/122/120 86/121/119 87/123/121
f 155/122/120 87/123/121 154/124/122
f 154/124/122 87/123/121 88/125/123
f 154/124/122 88/125/123 153/126/124
f 153/126/124 88/125/123 89/127/125
f 153/126/124 89/127/125 152/128/126
f 152/128/126 89/127/125 90/129/127
f 152/128/126 90/129/127 91/130/128
f 152/128/126 91/130/128 151/131/129
f 151/131/129 91/130/128 92/132/130
f 151/131/129 92/132/130 150/133/131
f 150/133/131 92/132/130 93/134/132
f 150/133/131 93/134/132 149/135/133
f 149/135/133 93/134/132 94/136/134
f 149/135/133 94/136/134 148/137/135
f 148/137/135 94/136/134 95/138/136
f 148/137/135 95/138/136 96/139/137
f 148/137/135 96/139/137 147/140/138
f 147/140/138 96/139/137 97/141/139
f 147/140/138 97/141/139 146/142/140
f 146/142/140 97/141/139 98/143/141
f 146/142/140 98/143/141 145/144/142
f 145/144/142 98/143/141 99/145/143
f 145/144/142 99/145/143 144/146/144
f 144/146/144 99/145/143 100/147/145
f 144/146/144 100/147/145 101/148/146
f 144/146/144 101/148/146 143/149/147
f 143/149/147 101/148/146 102/150/148
f 143/149/147 102/150/148 142/151/149
f 142/151/149 102/150/148 103/152/150
f 142/151/149 103/152/150 141/153/151
f 141/153/151 103/152/150 104/154/152
f 141/153/151 104/154/152 140/155/153
f 140/155/153 104/154/152 105/156/154
f 140/155/153 105/156/154 106/157/155
f 140/155/153 106/157/155 139/158/156
f 139/158/156 106/157/155 107/159/157
f 139/158/156 107/159/157 138/160/158
f 138/160/158 107/159/157 108/161/159
f 138/160/158 108/161/159 186/162/160
f 186/162/160 108/161/159 109/163/161
f 186/162/160 109/163/161 185/164/162
f 185/164/162 109/163/161 110/165/163
f 185/164/162 110/165/163 111/166/164
f 185/164/162 111/166/164 184/167/165
f 184/167/165 111/166/164 112/168/166
f 184/167/165 112/168/166 183/169/167
f 183/169/167 112/168/166 113/170/168
f 183/169/167 113/170/168 182/171/169
f 182/171/169 113/170/168 114/172/170
f 182/171/169 114/172/170 181/173/171
f 181/173/171 114/172/170 115/174/172
f 181/173/171 115/174/172 116/175/173
f 181/173/171 116/175/173 180/176/174
f 180/176/174 116/175/173 117/177/175
f 180/176/174 117/177/175 179/178/176
f 179/178/176 117/177/175 118/179/177
f 179/178/176 118/179/177 178/180/178
f 178/180/178 118/179/177 119/181/179
f 178/180/178 119/181/179 177/182/180
f 177/182/180 119/181/179 120/183/181
f 177/182/180 120/183/181 121/184/182
f 177/182/180 121/184/182 176/185/183
f 176/185/183 121/184/182 122/186/184
f 176/185/183 122/186/184 212/187/185
f 212/187/185 122/186/184 211/188/186
f 211/188/186 122/186/184 210/189/187
f 210/189/187 122/186/184 209/190/188
f 209/190/188 122/186/184 208/191/189
f 208/191/189 122/186/184 207/192/190
f 207/192/190 122/186/184 206/193/191
f 206/193/191 122/186/184 205/194/192
f 205/194/192 122/186/184 204/195/193
f 204/195/193 122/186/184 203/196/194
f 203/196/194 122/186/184 202/197/195
f 202/197/195 122/186/184 201/198/196
f 201/198/196 122/186/184 200/199/197
f 200/199/197 122/186/184 123/200/198
f 200/199/197 123/200/198 199/201/199
f 199/201/199 123/200/198 198/202/200
f 198/202/200 123/200/198 197/203/201
f 197/203/201 123/200/198 196/204/202
f 196/204/202 123/200/198 195/205/203
f 195/205/203 123/200/198 269/206/204
f 195/205/203 269/206/204 270/207/205
f 124/208/206 303/209/207 123/200/198
f 123/200/198 303/209/207 304/210/208
f 123/200/198 304/210/208 62/211/209
f 125/105/103 305/107/105 124/208/206
f 124/208/206 305/107/105 306/212/210
f 124/208/206 306/212/210 307/213/211
f 174/214/212 326/215/213 173/104/102
f 173/104/102 326/215/213 327/216/214
f 173/104/102 327/216/214 328/217/215
f 175/218/216 281/219/217 174/214/212
f 174/214/212 281/219/217 282/220/218
f 174/214/212 282/220/218 283/221/219
f 176/185/183 215/222/220 175/218/216
f 175/218/216 215/222/220 216/223/221
f 175/218/216 216/223/221 217/224/222
f 262/225/223 187/226/224 255/227/225
f 255/227/225 187/226/224 188/228/226
f 255/227/225 188/228/226 254/229/227
f 254/229/227 188/228/226 189/230/228
f 254/229/227 189/230/228 253/231/229
f 253/231/229 189/230/228 252/232/230
f 252/232/230 189/230/228 251/233/231
f 251/233/231 189/230/228 190/234/232
f 251/233/231 190/234/232 229/235/233
f 229/235/233 190/234/232 191/236/234
f 229/235/233 191/236/234 192/237/235
f 229/235/233 192/237/235 228/238/236
f 228/238/236 192/237/235 193/239/237
f 228/238/236 193/239/237 227/240/238
f 227/240/238 193/239/237 275/241/239
f 227/240/238 275/241/239 276/242/240
f 193/239/237 194/243/241 275/241/239
f 275/241/239 194/243/241 195/205/203
f 275/241/239 195/205/203 274/244/242
f 274/244/242 195/205/203 273/245/243
f 273/245/243 195/205/203 272/246/244
f 272/246/244 195/205/203 271/247/245
f 271/247/245 195/205/203 270/207/205
f 212/187/185 213/248/246 176/185/183
f 176/185/183 213/248/246 214/249/247
f 176/185/183 214/249/247 215/222/220
f 217/224/222 218/250/248 175/218/216
f 175/218/216 218/250/248 219/251/249
f 175/218/216 219/251/249 220/252/250
f 220/252/250 221/253/251 175/218/216
f 175/218/216 221/253/251 222/254/252
f 175/218/216 222/254/252 223/255/253
f 223/255/253 224/256/254 175/218/216
f 175/218/216 224/256/254 225/257/255
f 175/218/216 225/257/255 226/258/256
f 226/258/256 227/240/238 175/218/216
f 175/218/216 227/240/238 277/259/257
f 175/218/216 277/259/257 278/260/258
f 230/261/259 249/262/260 229/235/233
f 229/235/233 249/262/260 250/263/261
f 229/235/233 250/263/261 251/233/231
f 231/264/262 245/265/263 230/261/259
f 230/261/259 245/265/263 246/266/264
f 230/261/259 246/266/264 247/267/265
f 231/264/262 232/268/266 245/265/263
f 245/265/263 232/268/266 233/269/267
f 245/265/263 233/269/267 244/270/268
f 244/270/268 233/269/267 234/271/269
f 244/270/268 234/271/269 243/272/270
f 243/272/270 234/271/269 242/273/271
f 242/273/271 234/271/269 241/274/272
f 241/274/272 234/271/269 235/275/273
f 241/274/272 235/275/273 240/276/274
f 240/276/274 235/275/273 236/277/275
f 240/276/274 236/277/275 239/278/276
f 239/278/276 236/277/275 238/279/277
f 238/279/277 236/277/275 237/280/278
f 247/267/265 248/281/279 230/261/259
f 230/261/259 248/281/279 249/262/260
f 256/282/280 258/283/281 255/227/225
f 255/227/225 258/283/281 259/284/282
f 255/227/225 259/284/282 260/285/283
f 256/282/280 257/286/284 258/283/281
f 260/285/283 261/287/285 255/227/225
f 255/227/225 261/287/285 262/225/223
f 263/288/286 266/289/287 69/290/288
f 69/290/288 266/289/287 267/291/289
f 69/290/288 267/291/289 123/200/198
f 123/200/198 267/291/289 268/292/290
f 123/200/198 268/292/290 269/206/204
f 264/293/291 265/294/292 263/288/286
f 263/288/286 265/294/292 266/289/287
f 276/242/240 277/259/257 227/240/238
f 278/260/258 279/295/293 175/218/216
f 175/218/216 279/295/293 280/296/294
f 175/218/216 280/296/294 281/219/217
f 283/221/219 284/297/295 174/214/212
f 174/214/212 284/297/295 285/298/296
f 174/214/212 285/298/296 323/299/297
f 323/299/297 285/298/296 322/300/298
f 322/300/298 285/298/296 286/301/299
f 322/300/298 286/301/299 287/302/300
f 322/300/298 287/302/300 321/303/301
f 321/303/301 287/302/300 288/304/302
f 321/303/301 288/304/302 289/305/303
f 290/306/304 318/307/305 289/305/303
f 289/305/303 318/307/305 319/308/306
f 289/305/303 319/308/306 320/309/307
f 291/310/308 316/311/309 290/306/304
f 290/306/304 316/311/309 317/312/310
f 290/306/304 317/312/310 318/307/305
f 291/310/308 292/313/311 316/311/309
f 316/311/309 292/313/311 293/314/312
f 316/311/309 293/314/312 294/315/313
f 295/316/314 301/317/315 294/315/313
f 294/315/313 301/317/315 124/208/206
f 294/315/313 124/208/206 316/311/309
f 316/311/309 124/208/206 315/318/316
f 315/318/316 124/208/206 314/319/317
f 314/319/317 124/208/206 313/320/318
f 313/320/318 124/208/206 312/321/319
f 312/321/319 124/208/206 311/322/320
f 311/322/320 124/208/206 310/323/321
f 310/323/321 124/208/206 309/324/322
f 309/324/322 124/208/206 308/325/323
f 308/325/323 124/208/206 307/213/211
f 295/316/314 296/326/324 301/317/315
f 301/317/315 296/326/324 300/327/325
f 300/327/325 296/326/324 297/328/326
f 300/327/325 297/328/326 298/329/327
f 298/329/327 299/330/328 300/327/325
f 301/317/315 302/331/329 124/208/206
f 124/208/206 302/331/329 303/209/207
f 62/211/209 76/332/330 123/200/198
f 123/200/198 76/332/330 75/333/331
f 123/200/198 75/333/331 74/334/332
f 74/334/332 73/335/333 123/200/198
f 123/200/198 73/335/333 72/336/334
f 123/200/198 72/336/334 71/337/335
f 71/337/335 70/338/336 123/200/198
f 123/200/198 70/338/336 69/290/288
f 320/309/307 321/303/301 289/305/303
f 323/299/297 324/339/337 174/214/212
f 174/214/212 324/339/337 325/340/338
f 174/214/212 325/340/338 326/215/213
f 328/217/215 329/341/339 173/104/102
f 173/104/102 329/341/339 330/106/104
f 61/342/340 78/343/341 1/344/342
f 1/344/342 78/343/341 77/345/343
f 1/346/342 77/347/343 2/348/344
f 2/348/344 77/347/343 137/349/345
f 2/348/344 137/349/345 3/350/346
f 3/350/346 137/349/345 136/351/347
f 3/350/346 136/351/347 4/352/348
f 4/352/348 136/351/347 135/353/349
f 4/352/348 135/353/349 5/354/350
f 5/354/350 135/353/349 134/355/351
f 5/354/350 134/355/351 6/356/352
f 6/356/352 134/355/351 133/357/353
f 6/356/352 133/357/353 7/358/354
f 7/358/354 133/357/353 132/359/355
f 7/358/354 132/359/355 8/360/356
f 8/360/356 132/359/355 131/361/357
f 8/360/356 131/361/357 9/362/358
f 9/362/358 131/361/357 130/363/359
f 9/362/358 130/363/359 10/364/360
f 10/364/360 130/363/359 129/365/361
f 10/364/360 129/365/361 11/366/362
f 11/366/362 129/365/361 128/367/363
f 11/366/362 128/367/363 12/368/364
f 12/368/364 128/367/363 127/369/365
f 12/368/364 127/369/365 13/370/366
f 13/370/366 127/369/365 126/371/367
f 13/370/366 126/371/367 14/372/368
f 14/372/368 126/371/367 125/373/369
f 14/372/368 125/373/369 15/374/370
f 15/374/370 125/373/369 124/375/371
f 15/374/370 124/375/371 16/376/372
f 16/376/372 124/375/371 123/377/373
f 16/376/372 123/377/373 17/378/374
f 17/378/374 123/377/373 122/379/375
f 17/378/374 122/379/375 18/380/376
f 18/380/376 122/379/375 121/381/377
f 18/380/376 121/381/377 19/382/378
f 19/382/378 121/381/377 120/383/379
f 19/382/378 120/383/379 20/384/380
f 20/384/380 120/383/379 119/385/381
f 20/384/380 119/385/381 21/386/382
f 21/386/382 119/385/381 118/387/383
f 21/386/382 118/387/383 22/388/384
f 22/388/384 118/387/383 117/389/385
f 22/388/384 117/389/385 23/390/386
f 23/390/386 117/389/385 116/391/387
f 23/390/386 116/391/387 24/392/388
f 24/392/388 116/391/387 115/393/389
f 24/392/388 115/393/389 25/394/390
f 25/394/390 115/393/389 114/395/391
f 25/394/390 114/395/391 26/396/392
f 26/396/392 114/395/391 113/397/393
f 26/396/392 113/397/393 27/398/394
f 27/398/394 113/397/393 112/399/395
f 27/398/394 112/399/395 28/400/396
f 28/400/396 112/399/395 111/401/397
f 28/400/396 111/401/397 29/402/398
f 29/402/398 111/401/397 110/403/399
f 29/402/398 110/403/399 30/404/400
f 30/404/400 110/403/399 109/405/401
f 30/404/400 109/405/401 31/406/402
f 31/406/402 109/405/401 108/407/403
f 31/406/402 108/407/403 32/408/404
f 32/408/404 108/407/403 107/409/405
f 32/408/404 107/409/405 33/410/406
f 33/410/406 107/409/405 106/411/407
f 33/410/406 106/411/407 34/412/408
f 34/412/408 106/411/407 105/413/409
f 34/412/408 105/413/409 35/414/410
f 35/414/410 105/413/409 104/415/411
f 35/414/410 104/415/411 36/416/412
f 36/416/412 104/415/411 103/417/413
f 36/416/412 103/417/413 37/418/414
f 37/418/414 103/417/413 102/419/415
f 37/418/414 102/419/415 38/420/416
f 38/420/416 102/419/415 101/421/417
f 38/420/416 101/421/417 39/422/418
f 39/422/418 101/421/417 100/423/419
f 39/422/418 100/423/419 40/424/420
f 40/424/420 100/423/419 99/425/421
f 40/424/420 99/425/421 41/426/422
f 41/426/422 99/425/421 98/427/423
f 41/426/422 98/427/423 42/428/424
f 42/428/424 98/427/423 97/429/425
f 42/428/424 97/429/425 43/430/426
f 43/430/426 97/429/425 96/431/427
f 43/430/426 96/431/427 44/432/428
f 44/432/428 96/431/427 95/433/429
f 44/432/428 95/433/429 45/434/430
f 45/434/430 95/433/429 94/435/431
f 45/434/430 94/435/431 46/436/432
f 46/436/432 94/435/431 93/437/433
f 46/436/432 93/437/433 47/438/434
f 47/438/434 93/437/433 92/439/435
f 47/438/434 92/439/435 48/440/436
f 48/440/436 92/439/435 91/441/437
f 48/440/436 91/441/437 49/442/438
f 49/442/438 91/441/437 90/443/439
f 49/442/438 90/443/439 50/444/440
f 50/444/440 90/443/439 89/445/441
f 50/444/440 89/445/441 51/446/442
f 51/446/442 89/445/441 88/447/443
f 51/446/442 88/447/443 52/448/444
f 52/448/444 88/447/443 87/449/445
f 52/448/444 87/449/445 53/450/446
f 53/450/446 87/449/445 86/451/447
f 53/450/446 86/451/447 54/452/448
f 54/452/448 86/451/447 85/453/449
f 54/452/448 85/453/449 55/454/450
f 55/454/450 85/453/449 84/455/451
f 55/454/450 84/455/451 56/456/452
f 56/456/452 84/455/451 83/457/453
f 56/456/452 83/457/453 57/458/454
f 57/458/454 83/457/453 82/459/455
f 57/458/454 82/459/455 58/460/456
f 58/460/456 82/459/455 81/461/457
f 58/460/456 81/461/457 59/462/458
f 59/462/458 81/461/457 80/463/459
f 59/462/458 80/463/459 60/464/460
f 60/464/460 80/463/459 79/465/461
f 60/464/460 79/465/461 61/342/340
f 61/342/340 79/465/461 78/343/341
f 332/466/462 138/467/463 331/468/464
f 331/468/464 138/467/463 186/469/465
f 331/468/464 186/469/465 379/470/466
f 379/470/466 186/469/465 185/471/467
f 379/470/466 185/471/467 378/472/468
f 378/472/468 185/471/467 184/473/469
f 378/472/468 184/473/469 377/474/470
f 377/474/470 184/473/469 183/475/471
f 377/474/470 183/475/471 376/476/472
f 376/476/472 183/475/471 182/477/473
f 376/476/472 182/477/473 375/478/474
f 375/478/474 182/477/473 181/479/475
f 375/478/474 181/479/475 374/480/476
f 374/480/476 181/479/475 180/481/477
f 374/480/476 180/481/477 373/482/478
f 373/482/478 180/481/477 179/483/479
f 373/482/478 179/483/479 372/484/480
f 372/484/480 179/483/479 178/485/481
f 372/484/480 178/485/481 371/486/482
f 371/486/482 178/485/481 177/487/483
f 371/486/482 177/487/483 370/488/484
f 370/488/484 177/487/483 176/489/485
f 370/488/484 176/489/485 369/490/486
f 369/490/486 176/489/485 175/491/487
f 369/490/486 175/491/487 368/492/488
f 368/492/488 175/491/487 174/493/489
f 368/492/488 174/493/489 367/494/490
f 367/494/490 174/493/489 173/495/491
f 367/494/490 173/495/491 366/496/492
f 366/496/492 173/495/491 172/497/493
f 366/496/492 172/497/493 365/498/494
f 365/498/494 172/497/493 171/499/495
f 365/498/494 171/499/495 364/500/496
f 364/500/496 171/499/495 170/501/497
f 364/500/496 170/501/497 363/502/498
f 363/502/498 170/501/497 169/503/499
f 363/502/498 169/503/499 362/504/500
f 362/504/500 169/503/499 168/505/501
f 362/504/500 168/505/501 361/506/502
f 361/506/502 168/505/501 167/507/503
f 361/506/502 167/507/503 360/508/504
f 360/508/504 167/507/503 166/509/505
f 360/508/504 166/509/505 359/510/506
f 359/510/506 166/509/505 165/511/507
f 359/510/506 165/511/507 358/512/508
f 358/512/508 165/511/507 164/513/509
f 358/512/508 164/513/509 357/514/510
f 357/514/510 164/513/509 163/515/511
f 357/514/510 163/515/511 356/516/512
f 356/517/512 163/518/511 162/519/513
f 356/517/512 162/519/513 355/520/514
f 355/520/514 162/519/513 161/521/515
f 355/520/514 161/521/515 354/522/516
f 354/522/516 161/521/515 160/523/517
f 354/522/516 160/523/517 353/524/518
f 353/524/518 160/523/517 159/525/519
f 353/524/518 159/525/519 352/526/520
f 352/526/520 159/525/519 158/527/521
f 352/526/520 158/527/521 351/528/522
f 351/528/522 158/527/521 157/529/523
f 351/528/522 157/529/523 350/530/524
f 350/530/524 157/529/523 156/531/525
f 350/530/524 156/531/525 349/532/526
f 349/532/526 156/531/525 155/533/527
f 349/532/526 155/533/527 348/534/528
f 348/534/528 155/533/527 154/535/529
f 348/534/528 154/535/529 347/536/530
f 347/536/530 154/535/529 153/537/531
f 347/536/530 153/537/531 346/538/532
f 346/538/532 153/537/531 152/539/533
f 346/538/532 152/539/533 345/540/534
f 345/540/534 152/539/533 151/541/535
f 345/540/534 151/541/535 344/542/536
f 344/542/536 151/541/535 150/543/537
f 344/542/536 150/543/537 343/544/538
f 343/544/538 150/543/537 149/545/539
f 343/544/538 149/545/539 342/546/540
f 342/546/540 149/545/539 148/547/541
f 342/546/540 148/547/541 341/548/542
f 341/548/542 148/547/541 147/549/543
f 341/548/542 147/549/543 340/550/544
f 340/550/544 147/549/543 146/551/545
f 340/550/544 146/551/545 339/552/546
f 339/552/546 146/551/545 145/553/547
f 339/552/546 145/553/547 338/554/548
f 338/554/548 145/553/547 144/555/549
f 338/554/548 144/555/549 337/556/550
f 337/556/550 144/555/549 143/557/551
f 337/556/550 143/557/551 336/558/552
f 336/558/552 143/557/551 142/559/553
f 336/558/552 142/559/553 335/560/554
f 335/560/554 142/559/553 141/561/555
f 335/560/554 141/561/555 334/562/556
f 334/562/556 141/561/555 140/563/557
f 334/562/556 140/563/557 333/564/558
f 333/564/558 140/563/557 139/565/559
f 333/564/558 139/565/559 332/466/462
f 332/466/462 139/565/559 138/467/463
f 381/566/560 368/567/561 380/568/562
f 380/568/562 368/567/561 367/569/563
f 380/568/562 367/569/563 428/570/564
f 428/570/564 367/569/563 366/571/565
f 428/570/564 366/571/565 427/572/566
f 427/572/566 366/571/565 365/573/567
f 427/572/566 365/573/567 426/574/568
f 426/574/568 365/573/567 364/575/569
f 426/574/568 364/575/569 425/576/570
f 425/576/570 364/575/569 363/577/571
f 425/576/570 363/577/571 424/578/572
f 424/578/572 363/577/571 362/579/573
f 424/578/572 362/579/573 423/580/574
f 423/580/574 362/579/573 361/581/575
f 423/580/574 361/581/575 422/582/576
f 422/582/576 361/581/575 360/583/577
f 422/582/576 360/583/577 421/584/578
f 421/584/578 360/583/577 359/585/579
f 421/584/578 359/585/579 420/586/580
f 420/586/580 359/585/579 358/587/581
f 420/586/580 358/587/581 419/588/582
f 419/588/582 358/587/581 357/589/583
f 419/588/582 357/589/583 418/590/584
f 418/590/584 357/589/583 356/591/585
f 418/590/584 356/591/585 417/592/586
f 417/592/586 356/591/585 355/593/587
f 417/592/586 355/593/587 416/594/588
f 416/594/588 355/593/587 354/595/589
f 416/594/588 354/595/589 415/596/590
f 415/596/590 354/595/589 353/597/591
f 415/596/590 353/597/591 414/598/592
f 414/598/592 353/597/591 352/599/593
f 414/598/592 352/599/593 413/600/594
f 413/600/594 352/599/593 351/601/595
f 413/600/594 351/601/595 412/602/596
f 412/602/596 351/601/595 350/603/597
f 412/602/596 350/603/597 411/604/598
f 411/604/598 350/603/597 349/605/599
f 411/604/598 349/605/599 410/606/600
f 410/606/600 349/605/599 348/607/601
f 410/606/600 348/607/601 409/608/602
f 409/608/602 348/607/601 347/609/603
f 409/608/602 347/609/603 408/610/604
f 408/610/604 347/609/603 346/611/605
f 408/610/604 346/611/605 407/612/606
f 407/612/606 346/611/605 345/613/607
f 407/612/606 345/613/607 406/614/608
f 406/614/608 345/613/607 344/615/609
f 406/614/608 344/615/609 405/616/610
f 405/616/610 344/615/609 343/617/611
f 405/616/610 343/617/611 404/618/612
f 404/618/612 343/617/611 342/619/613
f 404/618/612 342/619/613 403/620/614
f 403/620/614 342/619/613 341/621/615
f 403/620/614 341/621/615 402/622/616
f 402/622/616 341/621/615 340/623/617
f 402/622/616 340/623/617 401/624/618
f 401/624/618 340/623/617 339/625/619
f 401/624/618 339/625/619 400/626/620
f 400/626/620 339/625/619 338/627/621
f 400/626/620 338/627/621 399/628/622
f 399/628/622 338/627/621 337/629/623
f 399/628/622 337/629/623 398/630/624
f 398/630/624 337/629/623 336/631/625
f 398/630/624 336/631/625 397/632/626
f 397/632/626 336/631/625 335/633/627
f 397/632/626 335/633/627 396/634/628
f 396/634/628 335/633/627 334/635/629
f 396/634/628 334/635/629 395/636/630
f 395/636/630 334/635/629 333/637/631
f 395/636/630 333/637/631 394/638/632
f 394/638/632 333/637/631 332/639/633
f 394/638/632 332/639/633 393/640/634
f 393/640/634 332/639/633 331/641/635
f 393/640/634 331/641/635 392/642/636
f 392/642/636 331/641/635 379/643/637
f 392/642/636 379/643/637 391/644/638
f 391/644/638 379/643/637 378/645/639
f 391/644/638 378/645/639 390/646/640
f 390/646/640 378/645/639 377/647/641
f 390/646/640 377/647/641 389/648/642
f 389/648/642 377/647/641 376/649/643
f 389/648/642 376/649/643 388/650/644
f 388/650/644 376/649/643 375/651/645
f 388/650/644 375/651/645 387/652/646
f 387/652/646 375/651/645 374/653/647
f 387/652/646 374/653/647 386/654/648
f 386/654/648 374/653/647 373/655/649
f 386/654/648 373/655/649 385/656/650
f 385/656/650 373/655/649 372/657/651
f 385/656/650 372/657/651 384/658/652
f 384/658/652 372/657/651 371/659/653
f 384/658/652 371/659/653 383/660/654
f 383/660/654 371/659/653 370/661/655
f 383/660/654 370/661/655 382/662/656
f 382/662/656 370/661/655 369/663/657
f 382/662/656 369/663/657 381/566/560
f 381/566/560 369/663/657 368/567/561
f 428/664/658 493/665/659 380/666/660
f 380/666/660 493/665/659 494/667/661
f 380/666/660 494/667/661 429/668/662
f 429/668/662 494/667/661 495/669/663
f 493/665/659 428/664/658 492/670/664
f 492/670/664 428/664/658 427/671/665
f 492/670/664 427/671/665 491/672/666
f 491/672/666 427/671/665 426/673/667
f 491/672/666 426/673/667 490/674/668
f 490/674/668 426/673/667 425/675/669
f 490/674/668 425/675/669 489/676/670
f 489/676/670 425/675/669 424/677/671
f 489/676/670 424/677/671 488/678/672
f 488/678/672 424/677/671 487/679/673
f 487/679/673 424/677/671 423/680/674
f 487/679/673 423/680/674 486/681/675
f 486/681/675 423/680/674 422/682/676
f 486/681/675 422/682/676 485/683/677
f 485/683/677 422/682/676 484/684/678
f 484/684/678 422/682/676 421/685/679
f 484/684/678 421/685/679 483/686/680
f 483/686/680 421/685/679 420/687/681
f 483/686/680 420/687/681 482/688/682
f 482/688/682 420/687/681 481/689/683
f 481/689/683 420/687/681 419/690/684
f 481/689/683 419/690/684 480/691/685
f 480/691/685 419/690/684 418/692/686
f 480/691/685 418/692/686 479/693/687
f 479/693/687 418/692/686 478/694/688
f 478/694/688 418/692/686 417/695/689
f 478/694/688 417/695/689 477/696/690
f 477/696/690 417/695/689 476/697/691
f 476/697/691 417/695/689 416/698/692
f 476/697/691 416/698/692 475/699/693
f 475/699/693 416/698/692 415/700/694
f 475/699/693 415/700/694 474/701/695
f 474/701/695 415/700/694 473/702/696
f 473/702/696 415/700/694 414/703/697
f 473/702/696 414/703/697 472/704/698
f 472/704/698 414/703/697 413/705/699
f 472/704/698 413/705/699 471/706/700
f 471/706/700 413/705/699 412/707/701
f 471/706/700 412/707/701 470/708/702
f 470/708/702 412/707/701 411/709/703
f 470/708/702 411/709/703 469/710/704
f 469/710/704 411/709/703 410/711/705
f 469/710/704 410/711/705 468/712/706
f 468/712/706 410/711/705 467/713/707
f 467/713/707 410/711/705 409/714/708
f 467/713/707 409/714/708 466/715/709
f 466/715/709 409/714/708 408/716/710
f 466/715/709 408/716/710 465/717/711
f 465/717/711 408/716/710 407/718/712
f 465/717/711 407/718/712 464/719/713
f 464/719/713 407/718/712 406/720/714
f 464/719/713 406/720/714 463/721/715
f 463/721/715 406/720/714 405/722/716
f 463/721/715 405/722/716 462/723/717
f 462/723/717 405/722/716 404/724/718
f 462/725/717 404/726/718 461/727/719
f 461/727/719 404/726/718 403/728/720
f 461/727/719 403/728/720 460/729/721
f 460/729/721 403/728/720 402/730/722
f 460/729/721 402/730/722 459/731/723
f 459/731/723 402/730/722 401/732/724
f 459/731/723 401/732/724 458/733/725
f 458/733/725 401/732/724 400/734/726
f 458/733/725 400/734/726 457/735/727
f 457/735/727 400/734/726 399/736/728
f 457/735/727 399/736/728 456/737/729
f 456/737/729 399/736/728 398/738/730
f 456/737/729 398/738/730 455/739/731
f 455/739/731 398/738/730 454/740/732
f 454/740/732 398/738/730 397/741/733
f 454/740/732 397/741/733 453/742/734
f 453/742/734 397/741/733 396/743/735
f 453/742/734 396/743/735 452/744/736
f 452/744/736 396/743/735 451/745/737
f 451/745/737 396/743/735 395/746/738
f 451/745/737 395/746/738 450/747/739
f 450/747/739 395/746/738 394/748/740
f 450/747/739 394/748/740 449/749/741
f 449/749/741 394/748/740 448/750/742
f 448/750/742 394/748/740 393/751/743
f 448/750/742 393/751/743 447/752/744
f 447/752/744 393/751/743 392/753/745
f 447/752/744 392/753/745 446/754/746
f 446/754/746 392/753/745 391/755/747
f 446/754/746 391/755/747 445/756/748
f 445/756/748 391/755/747 444/757/749
f 444/757/749 391/755/747 390/758/750
f 444/757/749 390/758/750 443/759/751
f 443/759/751 390/758/750 389/760/752
f 443/759/751 389/760/752 442/761/753
f 442/761/753 389/760/752 441/762/754
f 441/762/754 389/760/752 388/763/755
f 441/762/754 388/763/755 440/764/756
f 440/764/756 388/763/755 387/765/757
f 440/764/756 387/765/757 439/766/758
f 439/766/758 387/765/757 438/767/759
f 438/767/759 387/765/757 386/768/760
f 438/767/759 386/768/760 437/769/761
f 437/769/761 386/768/760 385/770/762
f 437/769/761 385/770/762 436/771/763
f 436/771/763 385/770/762 435/772/764
f 435/772/764 385/770/762 384/773/765
f 435/772/764 384/773/765 434/774/766
f 434/774/766 384/773/765 383/775/767
f 434/774/766 383/775/767 433/776/768
f 433/776/768 383/775/767 382/777/769
f 433/776/768 382/777/769 432/778/770
f 432/778/770 382/777/769 381/779/771
f 432/778/770 381/779/771 431/780/772
f 431/780/772 381/779/771 380/666/660
f 431/780/772 380/666/660 430/781/773
f 430/781/773 380/666/660 429/668/662
f 429/782/774 495/783/775 430/784/776
f 430/784/776 495/783/775 494/785/777
f 430/784/776 494/785/777 493/786/778
f 493/786/778 492/787/779 430/784/776
f 430/784/776 492/787/779 491/788/780
f 430/784/776 491/788/780 508/789/781
f 508/789/781 491/788/780 490/790/782
f 508/789/781 490/790/782 489/791/783
f 489/791/783 488/792/784 508/789/781
f 508/789/781 488/792/784 487/793/785
f 508/789/781 487/793/785 437/794/786
f 437/794/786 487/793/785 486/795/787
f 437/794/786 486/795/787 438/796/788
f 438/796/788 486/795/787 439/797/789
f 439/797/789 486/795/787 507/798/790
f 439/797/789 507/798/790 440/799/791
f 440/799/791 507/798/790 441/800/792
f 441/800/792 507/798/790 506/801/793
f 441/800/792 506/801/793 442/802/794
f 442/802/794 506/801/793 505/803/795
f 442/802/794 505/803/795 443/804/796
f 443/804/796 505/803/795 444/805/797
f 444/805/797 505/803/795 504/806/798
f 444/805/797 504/806/798 445/807/799
f 445/807/799 504/806/798 503/808/800
f 445/807/799 503/808/800 446/809/801
f 446/809/801 503/808/800 502/810/802
f 446/809/801 502/810/802 447/811/803
f 447/811/803 502/810/802 501/812/804
f 447/811/803 501/812/804 448/813/805
f 448/813/805 501/812/804 449/814/806
f 449/814/806 501/812/804 500/815/807
f 449/814/806 500/815/807 450/816/808
f 450/816/808 500/815/807 499/817/809
f 450/816/808 499/817/809 451/818/810
f 451/818/810 499/817/809 498/819/811
f 451/818/810 498/819/811 452/820/812
f 452/820/812 498/819/811 453/821/813
f 453/821/813 498/819/811 497/822/814
f 453/821/813 497/822/814 454/823/815
f 454/823/815 497/822/814 496/824/816
f 454/823/815 496/824/816 455/825/817
f 455/825/817 496/824/816 456/826/818
f 456/826/818 496/824/816 457/827/819
f 457/827/819 496/824/816 462/828/820
f 457/827/819 462/828/820 458/829/821
f 458/829/821 462/828/820 459/830/822
f 459/830/822 462/828/820 460/831/823
f 460/831/823 462/828/820 461/832/824
f 486/795/787 485/833/825 507/798/790
f 507/798/790 485/833/825 484/834/826
f 507/798/790 484/834/826 483/835/827
f 507/798/790 483/835/827 506/801/793
f 506/801/793 483/835/827 482/836/828
f 506/801/793 482/836/828 505/803/795
f 505/803/795 482/836/828 481/837/829
f 505/803/795 481/837/829 480/838/830
f 505/803/795 480/838/830 504/806/798
f 504/806/798 480/838/830 479/839/831
f 504/806/798 479/839/831 503/808/800
f 503/808/800 479/839/831 478/840/832
f 503/808/800 478/840/832 477/841/833
f 503/808/800 477/841/833 502/810/802
f 502/810/802 477/841/833 476/842/834
f 502/810/802 476/842/834 501/812/804
f 501/812/804 476/842/834 475/843/835
f 501/812/804 475/843/835 474/844/836
f 501/812/804 474/844/836 500/815/807
f 500/815/807 474/844/836 473/845/837
f 500/815/807 473/845/837 499/817/809
f 499/817/809 473/845/837 472/846/838
f 499/817/809 472/846/838 498/819/811
f 498/819/811 472/846/838 471/847/839
f 498/819/811 471/847/839 497/822/814
f 497/822/814 471/847/839 470/848/840
f 497/822/814 470/848/840 496/824/816
f 496/824/816 470/848/840 469/849/841
f 496/824/816 469/849/841 468/850/842
f 468/850/842 467/851/843 496/824/816
f 496/824/816 467/851/843 466/852/844
f 496/824/816 466/852/844 462/828/820
f 462/828/820 466/852/844 465/853/845
f 462/828/820 465/853/845 464/854/846
f 464/854/846 463/855/847 462/828/820
f 437/794/786 436/856/848 508/789/781
f 508/789/781 436/856/848 435/857/849
f 508/789/781 435/857/849 434/858/850
f 434/858/850 433/859/851 508/789/781
f 508/789/781 433/859/851 430/784/776
f 433/859/851 432/860/852 430/784/776
f 430/784/776 432/860/852 431/861/853
f 330/862/854 509/863/855 305/864/856
f 305/864/856 509/863/855 510/865/857
f 305/866/858 510/867/859 306/868/860
f 306/868/860 510/867/859 511/869/861
f 306/868/860 511/869/861 307/870/862
f 307/870/862 511/869/861 512/871/863
f 307/870/862 512/871/863 513/872/864
f 513/872/864 308/873/865 307/870/862
f 513/874/866 514/875/867 308/876/868
f 308/876/868 514/875/867 309/877/869
f 309/878/870 514/879/871 310/880/872
f 310/880/872 514/879/871 515/881/873
f 310/880/872 515/881/873 311/882/874
f 311/882/874 515/881/873 516/883/875
f 311/882/874 516/883/875 312/884/876
f 312/884/876 516/883/875 313/885/877
f 313/885/877 516/883/875 517/886/878
f 313/885/877 517/886/878 314/887/879
f 314/887/879 517/886/878 315/888/880
f 315/888/880 517/886/878 518/889/881
f 315/888/880 518/889/881 316/890/882
f 316/890/882 518/889/881 519/891/883
f 316/890/882 519/891/883 317/892/884
f 519/893/885 520/894/886 317/895/887
f 317/895/887 520/894/886 318/896/888
f 520/897/889 521/898/890 318/899/891
f 318/899/891 521/898/890 319/900/892
f 319/900/892 521/898/890 522/901/893
f 319/900/892 522/901/893 320/902/894
f 320/902/894 522/901/893 321/903/895
f 321/903/895 522/901/893 523/904/896
f 321/905/897 523/906/898 322/907/899
f 322/907/899 523/906/898 524/908/900
f 322/909/901 524/910/902 323/911/903
f 323/911/903 524/910/902 525/912/904
f 323/911/903 525/912/904 324/913/905
f 324/913/905 525/912/904 526/914/906
f 324/913/905 526/914/906 325/915/907
f 325/915/907 526/914/906 326/916/908
f 326/916/908 526/914/906 527/917/909
f 326/916/908 527/917/909 327/918/910
f 327/918/910 527/917/909 328/919/911
f 328/919/911 527/917/909 528/920/912
f 328/919/911 528/920/912 329/921/913
f 329/921/913 528/920/912 509/922/914
f 329/921/913 509/922/914 330/923/915
f 528/924/916 527/925/917 509/926/918
f 509/926/918 527/925/917 526/927/919
f 509/926/918 526/927/919 525/928/920
f 525/928/920 524/929/921 509/926/918
f 509/926/918 524/929/921 510/930/922
f 510/930/922 524/929/921 513/931/923
f 510/930/922 513/931/923 512/932/924
f 524/929/921 523/933/925 513/931/923
f 513/931/923 523/933/925 514/934/926
f 514/934/926 523/933/925 520/935/927
f 514/934/926 520/935/927 519/936/928
f 523/933/925 522/937/929 520/935/927
f 520/935/927 522/937/929 521/938/930
f 518/939/931 517/940/932 519/936/928
f 519/936/928 517/940/932 516/941/933
f 519/936/928 516/941/933 515/942/934
f 515/942/934 514/934/926 519/936/928
f 512/932/924 511/943/935 510/930/922
f 304/944/936 529/945/937 62/946/938
f 62/946/938 529/945/937 63/947/939
f 529/948/940 68/949/941 63/950/942
f 63/950/942 68/949/941 67/951/943
f 63/950/942 67/951/943 66/952/944
f 68/949/941 529/948/940 532/953/945
f 532/953/945 529/948/940 530/954/946
f 532/953/945 530/954/946 531/955/947
f 68/949/941 532/953/945 560/956/948
f 560/956/948 532/953/945 533/957/949
f 560/956/948 533/957/949 534/958/950
f 560/956/948 534/958/950 559/959/951
f 559/959/951 534/958/950 535/960/952
f 559/959/951 535/960/952 558/961/953
f 558/961/953 535/960/952 547/962/954
f 558/961/953 547/962/954 557/963/955
f 557/963/955 547/962/954 550/964/956
f 557/963/955 550/964/956 556/965/957
f 556/965/957 550/964/956 551/966/958
f 556/965/957 551/966/958 555/967/959
f 555/967/959 551/966/958 554/968/960
f 554/968/960 551/966/958 552/969/961
f 554/968/960 552/969/961 553/970/962
f 535/960/952 536/971/963 547/962/954
f 547/962/954 536/971/963 546/972/964
f 546/972/964 536/971/963 537/973/965
f 546/972/964 537/973/965 540/974/966
f 540/974/966 537/973/965 538/975/967
f 540/974/966 538/975/967 539/976/968
f 540/974/966 541/977/969 546/972/964
f 546/972/964 541/977/969 545/978/970
f 545/978/970 541/977/969 544/979/971
f 544/979/971 541/977/969 542/980/972
f 544/979/971 542/980/972 543/981/973
f 547/962/954 548/982/974 550/964/956
f 550/964/956 548/982/974 549/983/975
f 66/952/944 65/984/976 63/950/942
f 63/950/942 65/984/976 64/985/977
f 68/986/978 560/987/979 69/988/980
f 69/988/980 560/987/979 263/989/981
f 263/990/982 560/991/983 264/992/984
f 264/992/984 560/991/983 559/993/985
f 264/992/984 559/993/985 265/994/986
f 265/994/986 559/993/985 558/995/987
f 265/994/986 558/995/987 266/996/988
f 266/996/988 558/995/987 557/997/989
f 266/996/988 557/997/989 267/998/990
f 267/999/991 557/1000/992 268/1001/993
f 268/1001/993 557/1000/992 556/1002/994
f 268/1001/993 556/1002/994 269/1003/995
f 269/1003/995 556/1002/994 270/1004/996
f 270/1005/997 556/1006/998 271/1007/999
f 271/1007/999 556/1006/998 555/1008/1000
f 271/1007/999 555/1008/1000 272/1009/1001
f 272/1009/1001 555/1008/1000 554/1010/1002
f 272/1009/1001 554/1010/1002 273/1011/1003
f 273/1011/1003 554/1010/1002 274/1012/1004
f 274/1012/1004 554/1010/1002 553/1013/1005
f 274/1012/1004 553/1013/1005 275/1014/1006
f 275/1014/1006 553/1013/1005 552/1015/1007
f 275/1014/1006 552/1015/1007 276/1016/1008
f 276/1016/1008 552/1015/1007 551/1017/1009
f 276/1016/1008 551/1017/1009 277/1018/1010
f 551/1019/1011 550/1020/1012 277/1021/1013
f 277/1021/1013 550/1020/1012 278/1022/1014
f 550/1023/1015 549/1024/1016 278/1025/1017
f 278/1025/1017 549/1024/1016 279/1026/1018
f 279/1026/1018 549/1024/1016 548/1027/1019
f 279/1026/1018 548/1027/1019 280/1028/1020
f 280/1028/1020 548/1027/1019 281/1029/1021
f 281/1029/1021 548/1027/1019 547/1030/1022
f 281/1031/1023 547/1032/1024 282/1033/1025
f 282/1033/1025 547/1032/1024 546/1034/1026
f 282/1035/1027 546/1036/1028 283/1037/1029
f 283/1037/1029 546/1036/1028 545/1038/1030
f 283/1037/1029 545/1038/1030 284/1039/1031
f 284/1039/1031 545/1038/1030 544/1040/1032
f 284/1039/1031 544/1040/1032 285/1041/1033
f 285/1041/1033 544/1040/1032 286/1042/1034
f 286/1042/1034 544/1040/1032 543/1043/1035
f 286/1042/1034 543/1043/1035 287/1044/1036
f 287/1044/1036 543/1043/1035 542/1045/1037
f 287/1044/1036 542/1045/1037 288/1046/1038
f 288/1046/1038 542/1045/1037 541/1047/1039
f 288/1046/1038 541/1047/1039 289/1048/1040
f 541/1049/1041 540/1050/1042 289/1051/1043
f 289/1051/1043 540/1050/1042 290/1052/1044
f 540/1053/1045 539/1054/1046 290/1055/1047
f 290/1055/1047 539/1054/1046 291/1056/1048
f 291/1056/1048 539/1054/1046 538/1057/1049
f 291/1056/1048 538/1057/1049 292/1058/1050
f 292/1058/1050 538/1057/1049 537/1059/1051
f 292/1058/1050 537/1059/1051 293/1060/1052
f 293/1061/1053 537/1062/1054 294/1063/1055
f 294/1063/1055 537/1062/1054 536/1064/1056
f 294/1063/1055 536/1064/1056 295/1065/1057
f 295/1065/1057 536/1064/1056 296/1066/1058
f 296/1067/1059 536/1068/1060 297/1069/1061
f 297/1069/1061 536/1068/1060 535/1070/1062
f 297/1069/1061 535/1070/1062 298/1071/1063
f 298/1071/1063 535/1070/1062 534/1072/1064
f 298/1071/1063 534/1072/1064 299/1073/1065
f 299/1073/1065 534/1072/1064 533/1074/1066
f 299/1073/1065 533/1074/1066 300/1075/1067
f 300/1076/1068 533/1077/1069 301/1078/1070
f 301/1078/1070 533/1077/1069 532/1079/1071
f 301/1080/1072 532/1081/1073 302/1082/1074
f 302/1082/1074 532/1081/1073 531/1083/1075
f 302/1082/1074 531/1083/1075 303/1084/1076
f 303/1084/1076 531/1083/1075 530/1085/1077
f 303/1084/1076 530/1085/1077 304/1086/1078
f 304/1086/1078 530/1085/1077 529/1087/1079
f 259/1088/1080 561/1089/1081 260/1090/1082
f 260/1090/1082 561/1089/1081 562/1091/1083
f 260/1090/1082 562/1091/1083 261/1092/1084
f 261/1092/1084 562/1091/1083 563/1093/1085
f 261/1092/1084 563/1093/1085 262/1094/1086
f 262/1094/1086 563/1093/1085 564/1095/1087
f 262/1094/1086 564/1095/1087 187/1096/1088
f 187/1097/1089 564/1098/1090 188/1099/1091
f 188/1099/1091 564/1098/1090 565/1100/1092
f 188/1099/1091 565/1100/1092 189/1101/1093
f 189/1101/1093 565/1100/1092 190/1102/1094
f 190/1103/1095 565/1104/1096 191/1105/1097
f 191/1105/1097 565/1104/1096 566/1106/1098
f 191/1105/1097 566/1106/1098 192/1107/1099
f 192/1107/1099 566/1106/1098 567/1108/1100
f 192/1107/1099 567/1108/1100 193/1109/1101
f 193/1109/1101 567/1108/1100 194/1110/1102
f 194/1110/1102 567/1108/1100 568/1111/1103
f 194/1110/1102 568/1111/1103 195/1112/1104
f 195/1112/1104 568/1111/1103 569/1113/1105
f 195/1112/1104 569/1113/1105 196/1114/1106
f 196/1114/1106 569/1113/1105 570/1115/1107
f 196/1114/1106 570/1115/1107 197/1116/1108
f 197/1117/1109 570/1118/1110 198/1119/1111
f 198/1119/1111 570/1118/1110 571/1120/1112
f 198/1121/1113 571/1122/1114 199/1123/1115
f 199/1123/1115 571/1122/1114 572/1124/1116
f 199/1123/1115 572/1124/1116 200/1125/1117
f 200/1125/1117 572/1124/1116 573/1126/1118
f 200/1125/1117 573/1126/1118 201/1127/1119
f 201/1127/1119 573/1126/1118 574/1128/1120
f 201/1129/1121 574/1130/1122 202/1131/1123
f 202/1131/1123 574/1130/1122 203/1132/1124
f 203/1132/1124 574/1130/1122 575/1133/1125
f 203/1132/1124 575/1133/1125 204/1134/1126
f 204/1135/1127 575/1136/1128 205/1137/1129
f 205/1137/1129 575/1136/1128 576/1138/1130
f 205/1137/1129 576/1138/1130 206/1139/1131
f 206/1139/1131 576/1138/1130 577/1140/1132
f 206/1139/1131 577/1140/1132 207/1141/1133
f 207/1141/1133 577/1140/1132 578/1142/1134
f 207/1141/1133 578/1142/1134 208/1143/1135
f 208/1144/1136 578/1145/1137 209/1146/1138
f 209/1146/1138 578/1145/1137 210/1147/1139
f 210/1147/1139 578/1145/1137 579/1148/1140
f 210/1147/1139 579/1148/1140 211/1149/1141
f 211/1149/1141 579/1148/1140 212/1150/1142
f 579/1151/1143 580/1152/1144 212/1153/1145
f 212/1153/1145 580/1152/1144 213/1154/1146
f 213/1154/1146 580/1152/1144 581/1155/1147
f 213/1154/1146 581/1155/1147 214/1156/1148
f 214/1156/1148 581/1155/1147 582/1157/1149
f 214/1156/1148 582/1157/1149 215/1158/1150
f 582/1159/1151 583/1160/1152 215/1161/1153
f 215/1161/1153 583/1160/1152 216/1162/1154
f 583/1163/1155 584/1164/1156 216/1165/1157
f 216/1165/1157 584/1164/1156 217/1166/1158
f 217/1166/1158 584/1164/1156 585/1167/1159
f 217/1166/1158 585/1167/1159 218/1168/1160
f 218/1168/1160 585/1167/1159 586/1169/1161
f 218/1168/1160 586/1169/1161 219/1170/1162
f 219/1171/1163 586/1172/1164 220/1173/1165
f 220/1173/1165 586/1172/1164 587/1174/1166
f 220/1173/1165 587/1174/1166 221/1175/1167
f 221/1175/1167 587/1174/1166 222/1176/1168
f 222/1177/1169 587/1178/1170 223/1179/1171
f 223/1179/1171 587/1178/1170 588/1180/1172
f 223/1179/1171 588/1180/1172 224/1181/1173
f 224/1181/1173 588/1180/1172 589/1182/1174
f 224/1181/1173 589/1182/1174 225/1183/1175
f 225/1183/1175 589/1182/1174 226/1184/1176
f 226/1184/1176 589/1182/1174 590/1185/1177
f 226/1184/1176 590/1185/1177 227/1186/1178
f 227/1186/1178 590/1185/1177 591/1187/1179
f 227/1186/1178 591/1187/1179 228/1188/1180
f 228/1188/1180 591/1187/1179 592/1189/1181
f 228/1188/1180 592/1189/1181 229/1190/1182
f 229/1191/1183 592/1192/1184 230/1193/1185
f 230/1193/1185 592/1192/1184 593/1194/1186
f 230/1195/1187 593/1196/1188 231/1197/1189
f 231/1197/1189 593/1196/1188 594/1198/1190
f 231/1197/1189 594/1198/1190 232/1199/1191
f 232/1199/1191 594/1198/1190 595/1200/1192
f 232/1199/1191 595/1200/1192 233/1201/1193
f 233/1201/1193 595/1200/1192 596/1202/1194
f 233/1203/1195 596/1204/1196 234/1205/1197
f 234/1205/1197 596/1204/1196 597/1206/1198
f 234/1207/1199 597/1208/1200 235/1209/1201
f 235/1209/1201 597/1208/1200 598/1210/1202
f 235/1209/1201 598/1210/1202 236/1211/1203
f 236/1211/1203 598/1210/1202 599/1212/1204
f 236/1211/1203 599/1212/1204 237/1213/1205
f 237/1213/1205 599/1212/1204 600/1214/1206
f 237/1213/1205 600/1214/1206 238/1215/1207
f 600/1216/1208 601/1217/1209 238/1218/1210
f 238/1218/1210 601/1217/1209 239/1219/1211
f 239/1220/1212 601/1221/1213 240/1222/1214
f 240/1222/1214 601/1221/1213 602/1223/1215
f 240/1222/1214 602/1223/1215 241/1224/1216
f 241/1224/1216 602/1223/1215 603/1225/1217
f 241/1224/1216 603/1225/1217 242/1226/1218
f 242/1226/1218 603/1225/1217 604/1227/1219
f 242/1226/1218 604/1227/1219 243/1228/1220
f 243/1229/1221 604/1230/1222 244/1231/1223
f 244/1231/1223 604/1230/1222 605/1232/1224
f 244/1231/1223 605/1232/1224 245/1233/1225
f 245/1233/1225 605/1232/1224 246/1234/1226
f 246/1235/1227 605/1236/1228 247/1237/1229
f 247/1237/1229 605/1236/1228 606/1238/1230
f 247/1237/1229 606/1238/1230 248/1239/1231
f 248/1239/1231 606/1238/1230 249/1240/1232
f 249/1240/1232 606/1238/1230 607/1241/1233
f 249/1240/1232 607/1241/1233 250/1242/1234
f 250/1242/1234 607/1241/1233 608/1243/1235
f 250/1242/1234 608/1243/1235 251/1244/1236
f 251/1244/1236 608/1243/1235 252/1245/1237
f 252/1245/1237 608/1243/1235 609/1246/1238
f 252/1245/1237 609/1246/1238 253/1247/1239
f 253/1247/1239 609/1246/1238 610/1248/1240
f 253/1247/1239 610/1248/1240 254/1249/1241
f 254/1250/1242 610/1251/1243 255/1252/1244
f 255/1252/1244 610/1251/1243 611/1253/1245
f 255/1254/1246 611/1255/1247 256/1256/1248
f 256/1256/1248 611/1255/1247 612/1257/1249
f 256/1256/1248 612/1257/1249 257/1258/1250
f 257/1258/1250 612/1257/1249 613/1259/1251
f 257/1258/1250 613/1259/1251 258/1260/1252
f 258/1260/1252 613/1259/1251 614/1261/1253
f 614/1262/1254 561/1263/1255 258/1264/1256
f 258/1264/1256 561/1263/1255 259/1265/1257
f 614/1266/1258 578/1267/1259 561/1268/1260
f 561/1268/1260 578/1267/1259 575/1269/1261
f 561/1268/1260 575/1269/1261 562/1270/1262
f 562/1270/1262 575/1269/1261 563/1271/1263
f 563/1271/1263 575/1269/1261 574/1272/1264
f 563/1271/1263 574/1272/1264 564/1273/1265
f 564/1273/1265 574/1272/1264 571/1274/1266
f 564/1273/1265 571/1274/1266 565/1275/1267
f 565/1275/1267 571/1274/1266 570/1276/1268
f 565/1275/1267 570/1276/1268 566/1277/1269
f 566/1277/1269 570/1276/1268 567/1278/1270
f 567/1278/1270 570/1276/1268 569/1279/1271
f 567/1278/1270 569/1279/1271 568/1280/1272
f 578/1267/1259 614/1266/1258 579/1281/1273
f 579/1281/1273 614/1266/1258 613/1282/1274
f 579/1281/1273 613/1282/1274 601/1283/1275
f 601/1283/1275 613/1282/1274 602/1284/1276
f 602/1284/1276 613/1282/1274 612/1285/1277
f 602/1284/1276 612/1285/1277 611/1286/1278
f 610/1287/1279 605/1288/1280 611/1286/1278
f 611/1286/1278 605/1288/1280 604/1289/1281
f 611/1286/1278 604/1289/1281 603/1290/1282
f 609/1291/1283 607/1292/1284 610/1287/1279
f 610/1287/1279 607/1292/1284 606/1293/1285
f 610/1287/1279 606/1293/1285 605/1288/1280
f 609/1291/1283 608/1294/1286 607/1292/1284
f 603/1290/1282 602/1284/1276 611/1286/1278
f 579/1281/1273 601/1283/1275 582/1295/1287
f 582/1295/1287 601/1283/1275 600/1296/1288
f 582/1295/1287 600/1296/1288 583/1297/1289
f 583/1297/1289 600/1296/1288 599/1298/1290
f 583/1297/1289 599/1298/1290 598/1299/1291
f 597/1300/1292 586/1301/1293 598/1299/1291
f 598/1299/1291 586/1301/1293 585/1302/1294
f 598/1299/1291 585/1302/1294 584/1303/1295
f 597/1300/1292 596/1304/1296 586/1301/1293
f 586/1301/1293 596/1304/1296 593/1305/1297
f 586/1301/1293 593/1305/1297 587/1306/1298
f 587/1306/1298 593/1305/1297 592/1307/1299
f 587/1306/1298 592/1307/1299 588/1308/1300
f 588/1308/1300 592/1307/1299 589/1309/1301
f 589/1309/1301 592/1307/1299 591/1310/1302
f 589/1309/1301 591/1310/1302 590/1311/1303
f 596/1304/1296 595/1312/1304 593/1305/1297
f 593/1305/1297 595/1312/1304 594/1313/1305
f 584/1303/1295 583/1297/1289 598/1299/1291
f 582/1295/1287 581/1314/1306 579/1281/1273
f 579/1281/1273 581/1314/1306 580/1315/1307
f 577/1316/1308 576/1317/1309 578/1267/1259
f 578/1267/1259 576/1317/1309 575/1269/1261
f 574/1272/1264 573/1318/1310 571/1274/1266
f 571/1274/1266 573/1318/1310 572/1319/1311
usemtl Opaque(63,63,63)
f 616/1320/1312 682/1321/1313 615/1322/1314
f 615/1322/1314 682/1321/1313 649/1323/1315
f 615/1322/1314 649/1323/1315 648/1324/1316
f 648/1324/1316 649/1323/1315 650/1325/1317
f 648/1324/1316 650/1325/1317 647/1326/1318
f 647/1326/1318 650/1325/1317 651/1327/1319
f 647/1326/1318 651/1327/1319 646/1328/1320
f 646/1328/1320 651/1327/1319 652/1329/1321
f 646/1328/1320 652/1329/1321 645/1330/1322
f 645/1330/1322 652/1329/1321 653/1331/1323
f 645/1330/1322 653/1331/1323 644/1332/1324
f 644/1332/1324 653/1331/1323 654/1333/1325
f 644/1332/1324 654/1333/1325 643/1334/1326
f 643/1334/1326 654/1333/1325 655/1335/1327
f 643/1334/1326 655/1335/1327 642/1336/1328
f 642/1336/1328 655/1335/1327 656/1337/1329
f 642/1336/1328 656/1337/1329 641/1338/1330
f 641/1338/1330 656/1337/1329 657/1339/1331
f 641/1338/1330 657/1339/1331 640/1340/1332
f 640/1340/1332 657/1339/1331 658/1341/1333
f 640/1340/1332 658/1341/1333 639/1342/1334
f 639/1342/1334 658/1341/1333 659/1343/1335
f 639/1342/1334 659/1343/1335 638/1344/1336
f 638/1344/1336 659/1343/1335 660/1345/1337
f 638/1344/1336 660/1345/1337 637/1346/1338
f 637/1346/1338 660/1345/1337 661/1347/1339
f 637/1346/1338 661/1347/1339 636/1348/1340
f 636/1348/1340 661/1347/1339 662/1349/1341
f 636/1348/1340 662/1349/1341 635/1350/1342
f 635/1350/1342 662/1349/1341 663/1351/1343
f 635/1350/1342 663/1351/1343 634/1352/1344
f 634/1352/1344 663/1351/1343 664/1353/1345
f 634/1352/1344 664/1353/1345 633/1354/1346
f 633/1354/1346 664/1353/1345 665/1355/1347
f 633/1354/1346 665/1355/1347 632/1356/1348
f 632/1356/1348 665/1355/1347 666/1357/1349
f 632/1358/1348 666/1359/1349 631/1360/1350
f 631/1360/1350 666/1359/1349 667/1361/1351
f 631/1360/1350 667/1361/1351 630/1362/1352
f 630/1362/1352 667/1361/1351 668/1363/1353
f 630/1362/1352 668/1363/1353 629/1364/1354
f 629/1364/1354 668/1363/1353 669/1365/1355
f 629/1364/1354 669/1365/1355 628/1366/1356
f 628/1366/1356 669/1365/1355 670/1367/1357
f 628/1366/1356 670/1367/1357 627/1368/1358
f 627/1368/1358 670/1367/1357 671/1369/1359
f 627/1368/1358 671/1369/1359 626/1370/1360
f 626/1370/1360 671/1369/1359 672/1371/1361
f 626/1370/1360 672/1371/1361 625/1372/1362
f 625/1372/1362 672/1371/1361 673/1373/1363
f 625/1372/1362 673/1373/1363 624/1374/1364
f 624/1374/1364 673/1373/1363 674/1375/1365
f 624/1374/1364 674/1375/1365 623/1376/1366
f 623/1376/1366 674/1375/1365 675/1377/1367
f 623/1376/1366 675/1377/1367 622/1378/1368
f 622/1378/1368 675/1377/1367 676/1379/1369
f 622/1378/1368 676/1379/1369 621/1380/1370
f 621/1380/1370 676/1379/1369 677/1381/1371
f 621/1380/1370 677/1381/1371 620/1382/1372
f 620/1382/1372 677/1381/1371 678/1383/1373
f 620/1382/1372 678/1383/1373 619/1384/1374
f 619/1384/1374 678/1383/1373 679/1385/1375
f 619/1384/1374 679/1385/1375 618/1386/1376
f 618/1386/1376 679/1385/1375 680/1387/1377
f 618/1386/1376 680/1387/1377 617/1388/1378
f 617/1388/1378 680/1387/1377 681/1389/1379
f 617/1388/1378 681/1389/1379 616/1320/1312
f 616/1320/1312 681/1389/1379 682/1321/1313
f 724/1390/1380 683/1391/1381 649/1392/1382
f 649/1392/1382 683/1391/1381 684/1393/1383
f 649/1392/1382 684/1393/1383 650/1394/1384
f 650/1394/1384 684/1393/1383 685/1395/1385
f 650/1394/1384 685/1395/1385 651/1396/1386
f 651/1396/1386 685/1395/1385 686/1397/1387
f 651/1396/1386 686/1397/1387 652/1398/1388
f 652/1398/1388 686/1397/1387 687/1399/1389
f 652/1398/1388 687/1399/1389 653/1400/1390
f 653/1400/1390 687/1399/1389 688/1401/1391
f 653/1400/1390 688/1401/1391 689/1402/1392
f 653/1400/1390 689/1402/1392 654/1403/1393
f 654/1403/1393 689/1402/1392 690/1404/1394
f 654/1403/1393 690/1404/1394 655/1405/1395
f 655/1405/1395 690/1404/1394 691/1406/1396
f 655/1405/1395 691/1406/1396 656/1407/1397
f 656/1407/1397 691/1406/1396 692/1408/1398
f 656/1407/1397 692/1408/1398 657/1409/1399
f 657/1409/1399 692/1408/1398 693/1410/1400
f 657/1409/1399 693/1410/1400 658/1411/1401
f 658/1411/1401 693/1410/1400 694/1412/1402
f 658/1411/1401 694/1412/1402 695/1413/1403
f 658/1411/1401 695/1413/1403 659/1414/1404
f 659/1414/1404 695/1413/1403 696/1415/1405
f 659/1414/1404 696/1415/1405 660/1416/1406
f 660/1416/1406 696/1415/1405 697/1417/1407
f 660/1416/1406 697/1417/1407 661/1418/1408
f 661/1418/1408 697/1417/1407 698/1419/1409
f 661/1418/1408 698/1419/1409 662/1420/1410
f 662/1420/1410 698/1419/1409 699/1421/1411
f 662/1420/1410 699/1421/1411 700/1422/1412
f 662/1420/1410 700/1422/1412 663/1423/1413
f 663/1423/1413 700/1422/1412 701/1424/1414
f 663/1423/1413 701/1424/1414 664/1425/1415
f 664/1425/1415 701/1424/1414 702/1426/1416
f 664/1425/1415 702/1426/1416 665/1427/1417
f 665/1427/1417 702/1426/1416 703/1428/1418
f 665/1427/1417 703/1428/1418 666/1429/1419
f 666/1429/1419 703/1428/1418 704/1430/1420
f 666/1429/1419 704/1430/1420 705/1431/1421
f 666/1429/1419 705/1431/1421 667/1432/1422
f 667/1432/1422 705/1431/1421 706/1433/1423
f 667/1432/1422 706/1433/1423 668/1434/1424
f 668/1434/1424 706/1433/1423 707/1435/1425
f 668/1434/1424 707/1435/1425 669/1436/1426
f 669/1436/1426 707/1435/1425 708/1437/1427
f 669/1436/1426 708/1437/1427 670/1438/1428
f 670/1438/1428 708/1437/1427 709/1439/1429
f 670/1438/1428 709/1439/1429 710/1440/1430
f 670/1438/1428 710/1440/1430 671/1441/1431
f 671/1441/1431 710/1440/1430 711/1442/1432
f 671/1441/1431 711/1442/1432 672/1443/1433
f 672/1443/1433 711/1442/1432 712/1444/1434
f 672/1443/1433 712/1444/1434 673/1445/1435
f 673/1445/1435 712/1444/1434 713/1446/1436
f 673/1445/1435 713/1446/1436 674/1447/1437
f 674/1447/1437 713/1446/1436 714/1448/1438
f 674/1447/1437 714/1448/1438 715/1449/1439
f 674/1447/1437 715/1449/1439 675/1450/1440
f 675/1450/1440 715/1449/1439 716/1451/1441
f 675/1450/1440 716/1451/1441 676/1452/1442
f 676/1452/1442 716/1451/1441 717/1453/1443
f 676/1452/1442 717/1453/1443 677/1454/1444
f 677/1454/1444 717/1453/1443 718/1455/1445
f 677/1454/1444 718/1455/1445 678/1456/1446
f 678/1456/1446 718/1455/1445 719/1457/1447
f 678/1456/1446 719/1457/1447 679/1458/1448
f 679/1458/1448 719/1457/1447 720/1459/1449
f 679/1458/1448 720/1459/1449 721/1460/1450
f 679/1458/1448 721/1460/1450 680/1461/1451
f 680/1461/1451 721/1460/1450 722/1462/1452
f 680/1461/1451 722/1462/1452 681/1463/1453
f 681/1463/1453 722/1462/1452 723/1464/1454
f 681/1463/1453 723/1464/1454 682/1465/1455
f 682/1465/1455 723/1464/1454 724/1390/1380
f 682/1465/1455 724/1390/1380 649/1392/1382
f 766/1466/1456 725/1467/1457 615/1468/1458
f 615/1468/1458 725/1467/1457 726/1469/1459
f 615/1468/1458 726/1469/1459 616/1470/1460
f 616/1470/1460 726/1469/1459 727/1471/1461
f 616/1470/1460 727/1471/1461 617/1472/1462
f 617/1472/1462 727/1471/1461 728/1473/1463
f 617/1472/1462 728/1473/1463 618/1474/1464
f 618/1474/1464 728/1473/1463 729/1475/1465
f 618/1474/1464 729/1475/1465 619/1476/1466
f 619/1476/1466 729/1475/1465 730/1477/1467
f 619/1476/1466 730/1477/1467 731/1478/1468
f 619/1476/1466 731/1478/1468 620/1479/1469
f 620/1479/1469 731/1478/1468 732/1480/1470
f 620/1479/1469 732/1480/1470 621/1481/1471
f 621/1481/1471 732/1480/1470 733/1482/1472
f 621/1481/1471 733/1482/1472 622/1483/1473
f 622/1483/1473 733/1482/1472 734/1484/1474
f 622/1483/1473 734/1484/1474 623/1485/1475
f 623/1485/1475 734/1484/1474 735/1486/1476
f 623/1485/1475 735/1486/1476 624/1487/1477
f 624/1487/1477 735/1486/1476 736/1488/1478
f 624/1487/1477 736/1488/1478 737/1489/1479
f 624/1487/1477 737/1489/1479 625/1490/1480
f 625/1490/1480 737/1489/1479 738/1491/1481
f 625/1490/1480 738/1491/1481 626/1492/1482
f 626/1492/1482 738/1491/1481 739/1493/1483
f 626/1492/1482 739/1493/1483 627/1494/1484
f 627/1494/1484 739/1493/1483 740/1495/1485
f 627/1494/1484 740/1495/1485 628/1496/1486
f 628/1496/1486 740/1495/1485 741/1497/1487
f 628/1496/1486 741/1497/1487 742/1498/1488
f 628/1496/1486 742/1498/1488 629/1499/1489
f 629/1499/1489 742/1498/1488 743/1500/1490
f 629/1499/1489 743/1500/1490 630/1501/1491
f 630/1501/1491 743/1500/1490 744/1502/1492
f 630/1501/1491 744/1502/1492 631/1503/1493
f 631/1503/1493 744/1502/1492 745/1504/1494
f 631/1503/1493 745/1504/1494 632/1505/1495
f 632/1505/1495 745/1504/1494 746/1506/1496
f 632/1505/1495 746/1506/1496 747/1507/1497
f 632/1505/1495 747/1507/1497 633/1508/1498
f 633/1508/1498 747/1507/1497 748/1509/1499
f 633/1508/1498 748/1509/1499 634/1510/1500
f 634/1510/1500 748/1509/1499 749/1511/1501
f 634/1510/1500 749/1511/1501 635/1512/1502
f 635/1512/1502 749/1511/1501 750/1513/1503
f 635/1512/1502 750/1513/1503 636/1514/1504
f 636/1514/1504 750/1513/1503 751/1515/1505
f 636/1514/1504 751/1515/1505 752/1516/1506
f 636/1514/1504 752/1516/1506 637/1517/1507
f 637/1517/1507 752/1516/1506 753/1518/1508
f 637/1517/1507 753/1518/1508 638/1519/1509
f 638/1519/1509 753/1518/1508 754/1520/1510
f 638/1519/1509 754/1520/1510 639/1521/1511
f 639/1521/1511 754/1520/1510 755/1522/1512
f 639/1521/1511 755/1522/1512 640/1523/1513
f 640/1523/1513 755/1522/1512 756/1524/1514
f 640/1523/1513 756/1524/1514 757/1525/1515
f 640/1523/1513 757/1525/1515 641/1526/1516
f 641/1526/1516 757/1525/1515 758/1527/1517
f 641/1526/1516 758/1527/1517 642/1528/1518
f 642/1528/1518 758/1527/1517 759/1529/1519
f 642/1528/1518 759/1529/1519 643/1530/1520
f 643/1530/1520 759/1529/1519 760/1531/1521
f 643/1530/1520 760/1531/1521 644/1532/1522
f 644/1532/1522 760/1531/1521 761/1533/1523
f 644/1532/1522 761/1533/1523 645/1534/1524
f 645/1534/1524 761/1533/1523 762/1535/1525
f 645/1534/1524 762/1535/1525 763/1536/1526
f 645/1534/1524 763/1536/1526 646/1537/1527
f 646/1537/1527 763/1536/1526 764/1538/1528
f 646/1537/1527 764/1538/1528 647/1539/1529
f 647/1539/1529 764/1538/1528 765/1540/1530
f 647/1539/1529 765/1540/1530 648/1541/1531
f 648/1541/1531 765/1540/1530 766/1466/1456
f 648/1541/1531 766/1466/1456 615/1468/1458
f 766/1542/1532 684/1543/1533 725/1544/1534
f 725/1544/1534 684/1543/1533 683/1545/1535
f 725/1544/1534 683/1545/1535 726/1546/1536
f 726/1546/1536 683/1545/1535 724/1547/1537
f 726/1546/1536 724/1547/1537 727/1548/1538
f 727/1548/1538 724/1547/1537 723/1549/1539
f 727/1548/1538 723/1549/1539 728/1550/1540
f 728/1550/1540 723/1549/1539 722/1551/1541
f 728/1550/1540 722/1551/1541 729/1552/1542
f 729/1552/1542 722/1551/1541 721/1553/1543
f 729/1552/1542 721/1553/1543 730/1554/1544
f 730/1554/1544 721/1553/1543 720/1555/1545
f 730/1554/1544 720/1555/1545 731/1556/1546
f 731/1556/1546 720/1555/1545 719/1557/1547
f 731/1556/1546 719/1557/1547 732/1558/1548
f 732/1558/1548 719/1557/1547 718/1559/1549
f 732/1558/1548 718/1559/1549 733/1560/1550
f 733/1560/1550 718/1559/1549 717/1561/1551
f 733/1560/1550 717/1561/1551 734/1562/1552
f 734/1562/1552 717/1561/1551 716/1563/1553
f 734/1562/1552 716/1563/1553 735/1564/1554
f 735/1564/1554 716/1563/1553 715/1565/1555
f 735/1564/1554 715/1565/1555 736/1566/1556
f 736/1566/1556 715/1565/1555 714/1567/1557
f 736/1566/1556 714/1567/1557 737/1568/1558
f 737/1568/1558 714/1567/1557 713/1569/1559
f 737/1568/1558 713/1569/1559 738/1570/1560
f 738/1570/1560 713/1569/1559 712/1571/1561
f 738/1570/1560 712/1571/1561 739/1572/1562
f 739/1572/1562 712/1571/1561 711/1573/1563
f 739/1572/1562 711/1573/1563 740/1574/1564
f 740/1574/1564 711/1573/1563 710/1575/1565
f 740/1574/1564 710/1575/1565 741/1576/1566
f 741/1576/1566 710/1575/1565 709/1577/1567
f 741/1576/1566 709/1577/1567 742/1578/1568
f 742/1578/1568 709/1577/1567 708/1579/1569
f 742/1578/1568 708/1579/1569 743/1580/1570
f 743/1580/1570 708/1579/1569 707/1581/1571
f 743/1580/1570 707/1581/1571 744/1582/1572
f 744/1582/1572 707/1581/1571 706/1583/1573
f 744/1582/1572 706/1583/1573 745/1584/1574
f 745/1584/1574 706/1583/1573 705/1585/1575
f 745/1584/1574 705/1585/1575 746/1586/1576
f 746/1586/1576 705/1585/1575 704/1587/1577
f 746/1588/1576 704/1589/1577 747/1590/1578
f 747/1590/1578 704/1589/1577 703/1591/1579
f 747/1590/1578 703/1591/1579 748/1592/1580
f 748/1592/1580 703/1591/1579 702/1593/1581
f 748/1592/1580 702/1593/1581 749/1594/1582
f 749/1594/1582 702/1593/1581 701/1595/1583
f 749/1594/1582 701/1595/1583 750/1596/1584
f 750/1596/1584 701/1595/1583 700/1597/1585
f 750/1596/1584 700/1597/1585 751/1598/1586
f 751/1598/1586 700/1597/1585 699/1599/1587
f 751/1598/1586 699/1599/1587 752/1600/1588
f 752/1600/1588 699/1599/1587 698/1601/1589
f 752/1600/1588 698/1601/1589 753/1602/1590
f 753/1602/1590 698/1601/1589 697/1603/1591
f 753/1602/1590 697/1603/1591 754/1604/1592
f 754/1604/1592 697/1603/1591 696/1605/1593
f 754/1604/1592 696/1605/1593 755/1606/1594
f 755/1606/1594 696/1605/1593 695/1607/1595
f 755/1606/1594 695/1607/1595 756/1608/1596
f 756/1608/1596 695/1607/1595 694/1609/1597
f 756/1608/1596 694/1609/1597 757/1610/1598
f 757/1610/1598 694/1609/1597 693/1611/1599
f 757/1610/1598 693/1611/1599 758/1612/1600
f 758/1612/1600 693/1611/1599 692/1613/1601
f 758/1612/1600 692/1613/1601 759/1614/1602
f 759/1614/1602 692/1613/1601 691/1615/1603
f 759/1614/1602 691/1615/1603 760/1616/1604
f 760/1616/1604 691/1615/1603 690/1617/1605
f 760/1616/1604 690/1617/1605 761/1618/1606
f 761/1618/1606 690/1617/1605 689/1619/1607
f 761/1618/1606 689/1619/1607 762/1620/1608
f 762/1620/1608 689/1619/1607 688/1621/1609
f 762/1620/1608 688/1621/1609 763/1622/1610
f 763/1622/1610 688/1621/1609 687/1623/1611
f 763/1622/1610 687/1623/1611 764/1624/1612
f 764/1624/1612 687/1623/1611 686/1625/1613
f 764/1624/1612 686/1625/1613 765/1626/1614
f 765/1626/1614 686/1625/1613 685/1627/1615
f 765/1626/1614 685/1627/1615 766/1542/1532
f 766/1542/1532 685/1627/1615 684/1543/1533
# 766 vertices
# 1627 texture params
# 1615 normals
# 1528 facets

# 1 groups
